#
# There is insufficient memory for the Java Runtime Environment to continue.
# Native memory allocation (malloc) failed to allocate 43288 bytes. Error detail: Chunk::new
# Possible reasons:
#   The system is out of physical RAM or swap space
#   This process is running with CompressedOops enabled, and the Java Heap may be blocking the growth of the native heap
# Possible solutions:
#   Reduce memory load on the system
#   Increase physical memory or swap space
#   Check if swap backing store is full
#   Decrease Java heap size (-Xmx/-Xms)
#   Decrease number of Java threads
#   Decrease Java thread stack sizes (-Xss)
#   Set larger code cache with -XX:ReservedCodeCacheSize=
#   JVM is running with Unscaled Compressed Oops mode in which the Java heap is
#     placed in the first 4GB address space. The Java Heap base address is the
#     maximum limit for the native heap growth. Please use -XX:HeapBaseMinAddress
#     to set the Java Heap base and to place the Java Heap above 4GB virtual address.
# This output file may be truncated or incomplete.
#
#  Out of Memory Error (arena.cpp:186), pid=13192, tid=21052
#
# JRE version: Java(TM) SE Runtime Environment (25.0.2+10) (build 25.0.2+10-LTS-69)
# Java VM: Java HotSpot(TM) 64-Bit Server VM (25.0.2+10-LTS-69, mixed mode, sharing, tiered, compressed oops, compressed class ptrs, g1 gc, windows-amd64)
# No core dump will be written. Minidumps are not enabled by default on client versions of Windows
#

---------------  S U M M A R Y ------------

Command Line: client/target/client-1.0-SNAPSHOT-jar-with-dependencies.jar

Host: 11th Gen Intel(R) Core(TM) i5-1135G7 @ 2.40GHz, 8 cores, 7G,  Windows 11 , 64 bit Build 26100 (10.0.26100.8328)
Time: Sun May 24 15:23:01 2026 SE Asia Standard Time elapsed time: 401.088520 seconds (0d 0h 6m 41s)

---------------  T H R E A D  ---------------

Current thread (0x000001806cece6a0):  JavaThread "C2 CompilerThread0" daemon [_thread_in_native, id=21052, stack(0x0000007d85500000,0x0000007d85600000) (1024K)]


Current CompileTask:
C2:401088 9024       4       java.util.AbstractList::listIterator (6 bytes)

Stack: [0x0000007d85500000,0x0000007d85600000]
Native frames: (J=compiled Java code, j=interpreted, Vv=VM code, C=native code)
V  [jvm.dll+0x7a70f9]  (no source info available)
V  [jvm.dll+0x772d6d]  (no source info available)
V  [jvm.dll+0x965d53]  (no source info available)
V  [jvm.dll+0x968351]  (no source info available)
V  [jvm.dll+0x968a63]  (no source info available)
V  [jvm.dll+0x2fc846]  (no source info available)
V  [jvm.dll+0x111b16]  (no source info available)
V  [jvm.dll+0x111e3e]  (no source info available)
V  [jvm.dll+0x1a0872]  (no source info available)
V  [jvm.dll+0x3b54c2]  (no source info available)
V  [jvm.dll+0x7aca8f]  (no source info available)
V  [jvm.dll+0x2c0b97]  (no source info available)
V  [jvm.dll+0x2bfb5f]  (no source info available)
V  [jvm.dll+0x2379a0]  (no source info available)
V  [jvm.dll+0x2cfc86]  (no source info available)
V  [jvm.dll+0x2cdf05]  (no source info available)
V  [jvm.dll+0x48e9d1]  (no source info available)
V  [jvm.dll+0x906fcd]  (no source info available)
V  [jvm.dll+0x7a56d5]  (no source info available)
C  [ucrtbase.dll+0x37b0]  (no source info available)
C  [KERNEL32.DLL+0x2e957]  (no source info available)
C  [ntdll.dll+0x427c]  (no source info available)

Lock stack of current Java thread (top to bottom):


---------------  P R O C E S S  ---------------

Threads class SMR info:
_java_thread_list=0x000001806cf313e0, length=19, elements={
0x000001804dde84d0, 0x000001806cec2550, 0x000001806cec2e60, 0x000001806cec4fa0,
0x000001806cec86f0, 0x000001806cec92b0, 0x000001806cecd6d0, 0x000001806cece6a0,
0x000001806cedb2d0, 0x000001806ced61f0, 0x000001806ced4a80, 0x000001806ced7960,
0x0000018071e133e0, 0x0000018071e162c0, 0x0000018071e17a30, 0x00000180765bcd90,
0x00000180765c2380, 0x0000018076dc8b10, 0x000001807111ac10
}

Java Threads: ( => current thread )
  0x000001804dde84d0 JavaThread "main"                              [_thread_blocked, id=6756, stack(0x0000007d84700000,0x0000007d84800000) (1024K)]
  0x000001806cec2550 JavaThread "Reference Handler"          daemon [_thread_blocked, id=12804, stack(0x0000007d84f00000,0x0000007d85000000) (1024K)]
  0x000001806cec2e60 JavaThread "Finalizer"                  daemon [_thread_blocked, id=19256, stack(0x0000007d85000000,0x0000007d85100000) (1024K)]
  0x000001806cec4fa0 JavaThread "Signal Dispatcher"          daemon [_thread_blocked, id=19280, stack(0x0000007d85100000,0x0000007d85200000) (1024K)]
  0x000001806cec86f0 JavaThread "Attach Listener"            daemon [_thread_blocked, id=8428, stack(0x0000007d85200000,0x0000007d85300000) (1024K)]
  0x000001806cec92b0 JavaThread "Service Thread"             daemon [_thread_blocked, id=17916, stack(0x0000007d85300000,0x0000007d85400000) (1024K)]
  0x000001806cecd6d0 JavaThread "Monitor Deflation Thread"   daemon [_thread_blocked, id=8172, stack(0x0000007d85400000,0x0000007d85500000) (1024K)]
=>0x000001806cece6a0 JavaThread "C2 CompilerThread0"         daemon [_thread_in_native, id=21052, stack(0x0000007d85500000,0x0000007d85600000) (1024K)]
  0x000001806cedb2d0 JavaThread "C1 CompilerThread0"         daemon [_thread_blocked, id=15916, stack(0x0000007d85600000,0x0000007d85700000) (1024K)]
  0x000001806ced61f0 JavaThread "Notification Thread"        daemon [_thread_blocked, id=20844, stack(0x0000007d85700000,0x0000007d85800000) (1024K)]
  0x000001806ced4a80 JavaThread "Common-Cleaner"             daemon [_thread_blocked, id=6748, stack(0x0000007d85800000,0x0000007d85900000) (1024K)]
  0x000001806ced7960 JavaThread "JavaFX-Launcher"                   [_thread_blocked, id=15124, stack(0x0000007d85b00000,0x0000007d85c00000) (1024K)]
  0x0000018071e133e0 JavaThread "QuantumRenderer-0"          daemon [_thread_blocked, id=9780, stack(0x0000007d85c00000,0x0000007d85d00000) (1024K)]
  0x0000018071e162c0 JavaThread "InvokeLaterDispatcher"      daemon [_thread_blocked, id=17920, stack(0x0000007d85d00000,0x0000007d85e00000) (1024K)]
  0x0000018071e17a30 JavaThread "JavaFX Application Thread"         [_thread_in_native, id=16544, stack(0x0000007d85e00000,0x0000007d85f00000) (1024K)]
  0x00000180765bcd90 JavaThread "Thread-3"                   daemon [_thread_in_native, id=4168, stack(0x0000007d86200000,0x0000007d86300000) (1024K)]
  0x00000180765c2380 JavaThread "Prism Font Disposer"        daemon [_thread_blocked, id=16056, stack(0x0000007d86600000,0x0000007d86700000) (1024K)]
  0x0000018076dc8b10 JavaThread "Cleaner-0"                  daemon [_thread_blocked, id=17740, stack(0x0000007d86f00000,0x0000007d87000000) (1024K)]
  0x000001807111ac10 JavaThread "Thread-60"                  daemon [_thread_in_native, id=11000, stack(0x0000007d84400000,0x0000007d84500000) (1024K)]
Total: 19

Other Threads:
  0x000001806ceaccf0 VMThread "VM Thread"                           [id=14384, stack(0x0000007d84e00000,0x0000007d84f00000) (1024K)]
  0x000001806ce9fdb0 WatcherThread "VM Periodic Task Thread"        [id=9412, stack(0x0000007d84d00000,0x0000007d84e00000) (1024K)]
  0x0000018050259aa0 WorkerThread "GC Thread#0"                     [id=9224, stack(0x0000007d84800000,0x0000007d84900000) (1024K)]
  0x0000018076de26f0 WorkerThread "GC Thread#1"                     [id=10028, stack(0x0000007d86800000,0x0000007d86900000) (1024K)]
  0x00000180773cccd0 WorkerThread "GC Thread#2"                     [id=16468, stack(0x0000007d86900000,0x0000007d86a00000) (1024K)]
  0x00000180765f96f0 WorkerThread "GC Thread#3"                     [id=22452, stack(0x0000007d86a00000,0x0000007d86b00000) (1024K)]
  0x0000018076805d30 WorkerThread "GC Thread#4"                     [id=7660, stack(0x0000007d86b00000,0x0000007d86c00000) (1024K)]
  0x00000180768047a0 WorkerThread "GC Thread#5"                     [id=21480, stack(0x0000007d86c00000,0x0000007d86d00000) (1024K)]
  0x0000018076806a20 WorkerThread "GC Thread#6"                     [id=18708, stack(0x0000007d86d00000,0x0000007d86e00000) (1024K)]
  0x0000018076806e70 WorkerThread "GC Thread#7"                     [id=20864, stack(0x0000007d86e00000,0x0000007d86f00000) (1024K)]
  0x0000018050272210 ConcurrentGCThread "G1 Main Marker"            [id=11472, stack(0x0000007d84900000,0x0000007d84a00000) (1024K)]
  0x0000018050274cc0 WorkerThread "G1 Conc#0"                       [id=21744, stack(0x0000007d84a00000,0x0000007d84b00000) (1024K)]
  0x000001807aef7720 WorkerThread "G1 Conc#1"                       [id=18608, stack(0x0000007d84500000,0x0000007d84600000) (1024K)]
  0x000001806cd690d0 ConcurrentGCThread "G1 Refine#0"               [id=16344, stack(0x0000007d84b00000,0x0000007d84c00000) (1024K)]
  0x000001806cd69ae0 ConcurrentGCThread "G1 Service"                [id=2996, stack(0x0000007d84c00000,0x0000007d84d00000) (1024K)]
Total: 15

Threads with active compile tasks:
C2 CompilerThread0  401185 9024       4       java.util.AbstractList::listIterator (6 bytes)
Total: 1

VM state: not at safepoint (normal execution)

VM Mutex/Monitor currently owned by a thread: None

Heap address: 0x0000000083200000, size: 1998 MB, Compressed Oops mode: 32-bit

CDS archive(s) mapped at: [0x0000000035000000-0x0000000035dd0000-0x0000000035dd0000), size 14483456, SharedBaseAddress: 0x0000000035000000, ArchiveRelocationMode: 1.
Compressed class space mapped at: 0x0000000036000000-0x0000000076000000, reserved size: 1073741824
UseCompressedClassPointers 1, UseCompactObjectHeaders 0
Narrow klass pointer bits 32, Max shift 3
Narrow klass base: 0x0000000035000000, Narrow klass shift: 0
Encoding Range: [0x0000000035000000 - 0x0000000135000000), (4294967296 bytes)
Klass Range:    [0x0000000035010000 - 0x0000000076000000), (1090453504 bytes)
Klass ID Range:  [65536 - 1090519033) (1090453497)
Protection zone: [0x0000000035000000 - 0x0000000035010000), (65536 bytes)

GC Precious Log:
 CardTable entry size: 512
 Card Set container configuration: InlinePtr #cards 5 size 8 Array Of Cards #cards 10 size 36 Howl #buckets 4 coarsen threshold 1843 Howl Bitmap #cards 512 size 80 coarsen threshold 460 Card regions per heap region 1 cards per card region 2048
 CPUs: 8 total, 8 available
 Memory: 7987M
 Large Page Support: Disabled
 NUMA Support: Disabled
 Compressed Oops: Enabled (32-bit)
 Heap Region Size: 1M
 Heap Min Capacity: 8M
 Heap Initial Capacity: 126M
 Heap Max Capacity: 1998M
 Pre-touch: Disabled
 Parallel Workers: 8
 Concurrent Workers: 2
 Concurrent Refinement Workers: 8
 Periodic GC: Disabled

Heap:
 garbage-first heap   total reserved 2045952K, committed 772096K, used 506863K [0x0000000083200000, 0x0000000100000000)
  region size 1024K, 6 young (6144K), 4 survivors (4096K)

Heap Regions: E=young(eden), S=young(survivor), O=old, HS=humongous(starts), HC=humongous(continues), CS=collection set, F=free, TAMS=top-at-mark-start, PB=parsable bottom
|   0|0x0000000083200000, 0x0000000083300000, 0x0000000083300000|100%| O|  |TAMS 0x0000000083200000| PB 0x0000000083200000| Untracked |  1
|   1|0x0000000083300000, 0x0000000083400000, 0x0000000083400000|100%|HS|  |TAMS 0x0000000083300000| PB 0x0000000083300000| Complete |  0
|   2|0x0000000083400000, 0x0000000083500000, 0x0000000083500000|100%|HS|  |TAMS 0x0000000083400000| PB 0x0000000083400000| Complete |  0
|   3|0x0000000083500000, 0x0000000083600000, 0x0000000083600000|100%|HC|  |TAMS 0x0000000083500000| PB 0x0000000083500000| Complete |  0
|   4|0x0000000083600000, 0x0000000083700000, 0x0000000083700000|100%|HS|  |TAMS 0x0000000083600000| PB 0x0000000083600000| Complete |  0
|   5|0x0000000083700000, 0x0000000083800000, 0x0000000083800000|100%|HC|  |TAMS 0x0000000083700000| PB 0x0000000083700000| Complete |  0
|   6|0x0000000083800000, 0x0000000083900000, 0x0000000083900000|100%|HS|  |TAMS 0x0000000083800000| PB 0x0000000083800000| Complete |  0
|   7|0x0000000083900000, 0x0000000083a00000, 0x0000000083a00000|100%|HC|  |TAMS 0x0000000083900000| PB 0x0000000083900000| Complete |  0
|   8|0x0000000083a00000, 0x0000000083b00000, 0x0000000083b00000|100%| O|  |TAMS 0x0000000083a00000| PB 0x0000000083a00000| Untracked |  0
|   9|0x0000000083b00000, 0x0000000083c00000, 0x0000000083c00000|100%| O|  |TAMS 0x0000000083b00000| PB 0x0000000083b00000| Untracked |  0
|  10|0x0000000083c00000, 0x0000000083d00000, 0x0000000083d00000|100%|HS|  |TAMS 0x0000000083c00000| PB 0x0000000083c00000| Complete |  0
|  11|0x0000000083d00000, 0x0000000083e00000, 0x0000000083e00000|100%|HC|  |TAMS 0x0000000083d00000| PB 0x0000000083d00000| Complete |  0
|  12|0x0000000083e00000, 0x0000000083f00000, 0x0000000083f00000|100%|HS|  |TAMS 0x0000000083e00000| PB 0x0000000083e00000| Complete |  0
|  13|0x0000000083f00000, 0x0000000084000000, 0x0000000084000000|100%|HC|  |TAMS 0x0000000083f00000| PB 0x0000000083f00000| Complete |  0
|  14|0x0000000084000000, 0x0000000084100000, 0x0000000084100000|100%|HC|  |TAMS 0x0000000084000000| PB 0x0000000084000000| Complete |  0
|  15|0x0000000084100000, 0x0000000084200000, 0x0000000084200000|100%|HC|  |TAMS 0x0000000084100000| PB 0x0000000084100000| Complete |  0
|  16|0x0000000084200000, 0x0000000084300000, 0x0000000084300000|100%|HC|  |TAMS 0x0000000084200000| PB 0x0000000084200000| Complete |  0
|  17|0x0000000084300000, 0x0000000084400000, 0x0000000084400000|100%|HC|  |TAMS 0x0000000084300000| PB 0x0000000084300000| Complete |  0
|  18|0x0000000084400000, 0x0000000084500000, 0x0000000084500000|100%|HC|  |TAMS 0x0000000084400000| PB 0x0000000084400000| Complete |  0
|  19|0x0000000084500000, 0x0000000084600000, 0x0000000084600000|100%|HC|  |TAMS 0x0000000084500000| PB 0x0000000084500000| Complete |  0
|  20|0x0000000084600000, 0x0000000084700000, 0x0000000084700000|100%|HC|  |TAMS 0x0000000084600000| PB 0x0000000084600000| Complete |  0
|  21|0x0000000084700000, 0x0000000084800000, 0x0000000084800000|100%|HC|  |TAMS 0x0000000084700000| PB 0x0000000084700000| Complete |  0
|  22|0x0000000084800000, 0x0000000084900000, 0x0000000084900000|100%|HC|  |TAMS 0x0000000084800000| PB 0x0000000084800000| Complete |  0
|  23|0x0000000084900000, 0x0000000084a00000, 0x0000000084a00000|100%|HC|  |TAMS 0x0000000084900000| PB 0x0000000084900000| Complete |  0
|  24|0x0000000084a00000, 0x0000000084b00000, 0x0000000084b00000|100%|HC|  |TAMS 0x0000000084a00000| PB 0x0000000084a00000| Complete |  0
|  25|0x0000000084b00000, 0x0000000084c00000, 0x0000000084c00000|100%|HC|  |TAMS 0x0000000084b00000| PB 0x0000000084b00000| Complete |  0
|  26|0x0000000084c00000, 0x0000000084d00000, 0x0000000084d00000|100%|HC|  |TAMS 0x0000000084c00000| PB 0x0000000084c00000| Complete |  0
|  27|0x0000000084d00000, 0x0000000084e00000, 0x0000000084e00000|100%|HC|  |TAMS 0x0000000084d00000| PB 0x0000000084d00000| Complete |  0
|  28|0x0000000084e00000, 0x0000000084f00000, 0x0000000084f00000|100%|HC|  |TAMS 0x0000000084e00000| PB 0x0000000084e00000| Complete |  0
|  29|0x0000000084f00000, 0x0000000085000000, 0x0000000085000000|100%|HC|  |TAMS 0x0000000084f00000| PB 0x0000000084f00000| Complete |  0
|  30|0x0000000085000000, 0x0000000085100000, 0x0000000085100000|100%|HC|  |TAMS 0x0000000085000000| PB 0x0000000085000000| Complete |  0
|  31|0x0000000085100000, 0x0000000085200000, 0x0000000085200000|100%|HC|  |TAMS 0x0000000085100000| PB 0x0000000085100000| Complete |  0
|  32|0x0000000085200000, 0x0000000085300000, 0x0000000085300000|100%|HC|  |TAMS 0x0000000085200000| PB 0x0000000085200000| Complete |  0
|  33|0x0000000085300000, 0x0000000085400000, 0x0000000085400000|100%|HC|  |TAMS 0x0000000085300000| PB 0x0000000085300000| Complete |  0
|  34|0x0000000085400000, 0x0000000085500000, 0x0000000085500000|100%|HS|  |TAMS 0x0000000085400000| PB 0x0000000085400000| Complete |  0
|  35|0x0000000085500000, 0x0000000085600000, 0x0000000085600000|100%|HC|  |TAMS 0x0000000085500000| PB 0x0000000085500000| Complete |  0
|  36|0x0000000085600000, 0x0000000085700000, 0x0000000085700000|100%|HS|  |TAMS 0x0000000085600000| PB 0x0000000085600000| Complete |  0
|  37|0x0000000085700000, 0x0000000085800000, 0x0000000085800000|100%|HC|  |TAMS 0x0000000085700000| PB 0x0000000085700000| Complete |  0
|  38|0x0000000085800000, 0x0000000085900000, 0x0000000085900000|100%|HS|  |TAMS 0x0000000085800000| PB 0x0000000085800000| Complete |  0
|  39|0x0000000085900000, 0x0000000085a00000, 0x0000000085a00000|100%|HC|  |TAMS 0x0000000085900000| PB 0x0000000085900000| Complete |  0
|  40|0x0000000085a00000, 0x0000000085b00000, 0x0000000085b00000|100%|HS|  |TAMS 0x0000000085a00000| PB 0x0000000085a00000| Complete |  0
|  41|0x0000000085b00000, 0x0000000085c00000, 0x0000000085c00000|100%|HC|  |TAMS 0x0000000085b00000| PB 0x0000000085b00000| Complete |  0
|  42|0x0000000085c00000, 0x0000000085d00000, 0x0000000085d00000|100%|HS|  |TAMS 0x0000000085c00000| PB 0x0000000085c00000| Complete |  0
|  43|0x0000000085d00000, 0x0000000085e00000, 0x0000000085e00000|100%|HC|  |TAMS 0x0000000085d00000| PB 0x0000000085d00000| Complete |  0
|  44|0x0000000085e00000, 0x0000000085f00000, 0x0000000085f00000|100%|HS|  |TAMS 0x0000000085e00000| PB 0x0000000085e00000| Complete |  0
|  45|0x0000000085f00000, 0x0000000086000000, 0x0000000086000000|100%|HC|  |TAMS 0x0000000085f00000| PB 0x0000000085f00000| Complete |  0
|  46|0x0000000086000000, 0x0000000086100000, 0x0000000086100000|100%|HS|  |TAMS 0x0000000086000000| PB 0x0000000086000000| Complete |  0
|  47|0x0000000086100000, 0x0000000086200000, 0x0000000086200000|100%|HC|  |TAMS 0x0000000086100000| PB 0x0000000086100000| Complete |  0
|  48|0x0000000086200000, 0x0000000086300000, 0x0000000086300000|100%|HS|  |TAMS 0x0000000086200000| PB 0x0000000086200000| Complete |  0
|  49|0x0000000086300000, 0x0000000086400000, 0x0000000086400000|100%|HC|  |TAMS 0x0000000086300000| PB 0x0000000086300000| Complete |  0
|  50|0x0000000086400000, 0x0000000086500000, 0x0000000086500000|100%|HS|  |TAMS 0x0000000086400000| PB 0x0000000086400000| Complete |  0
|  51|0x0000000086500000, 0x0000000086600000, 0x0000000086600000|100%|HC|  |TAMS 0x0000000086500000| PB 0x0000000086500000| Complete |  0
|  52|0x0000000086600000, 0x0000000086700000, 0x0000000086700000|100%|HS|  |TAMS 0x0000000086600000| PB 0x0000000086600000| Complete |  0
|  53|0x0000000086700000, 0x0000000086800000, 0x0000000086800000|100%|HC|  |TAMS 0x0000000086700000| PB 0x0000000086700000| Complete |  0
|  54|0x0000000086800000, 0x0000000086900000, 0x0000000086900000|100%|HS|  |TAMS 0x0000000086800000| PB 0x0000000086800000| Complete |  0
|  55|0x0000000086900000, 0x0000000086a00000, 0x0000000086a00000|100%|HC|  |TAMS 0x0000000086900000| PB 0x0000000086900000| Complete |  0
|  56|0x0000000086a00000, 0x0000000086b00000, 0x0000000086b00000|100%| O|  |TAMS 0x0000000086a00000| PB 0x0000000086a00000| Untracked |  0
|  57|0x0000000086b00000, 0x0000000086c00000, 0x0000000086c00000|100%| O|  |TAMS 0x0000000086b00000| PB 0x0000000086b00000| Untracked |  0
|  58|0x0000000086c00000, 0x0000000086d00000, 0x0000000086d00000|100%| O|  |TAMS 0x0000000086c00000| PB 0x0000000086c00000| Untracked |  0
|  59|0x0000000086d00000, 0x0000000086e00000, 0x0000000086e00000|100%| O|  |TAMS 0x0000000086d00000| PB 0x0000000086d00000| Untracked |  0
|  60|0x0000000086e00000, 0x0000000086f00000, 0x0000000086f00000|100%| O|  |TAMS 0x0000000086e00000| PB 0x0000000086e00000| Untracked |  0
|  61|0x0000000086f00000, 0x0000000087000000, 0x0000000087000000|100%|HS|  |TAMS 0x0000000086f00000| PB 0x0000000086f00000| Complete |  0
|  62|0x0000000087000000, 0x0000000087100000, 0x0000000087100000|100%|HC|  |TAMS 0x0000000087000000| PB 0x0000000087000000| Complete |  0
|  63|0x0000000087100000, 0x0000000087200000, 0x0000000087200000|100%|HS|  |TAMS 0x0000000087100000| PB 0x0000000087100000| Complete |  0
|  64|0x0000000087200000, 0x0000000087300000, 0x0000000087300000|100%|HC|  |TAMS 0x0000000087200000| PB 0x0000000087200000| Complete |  0
|  65|0x0000000087300000, 0x0000000087400000, 0x0000000087400000|100%|HS|  |TAMS 0x0000000087300000| PB 0x0000000087300000| Complete |  0
|  66|0x0000000087400000, 0x0000000087500000, 0x0000000087500000|100%|HC|  |TAMS 0x0000000087400000| PB 0x0000000087400000| Complete |  0
|  67|0x0000000087500000, 0x0000000087600000, 0x0000000087600000|100%|HS|  |TAMS 0x0000000087500000| PB 0x0000000087500000| Complete |  0
|  68|0x0000000087600000, 0x0000000087700000, 0x0000000087700000|100%|HC|  |TAMS 0x0000000087600000| PB 0x0000000087600000| Complete |  0
|  69|0x0000000087700000, 0x0000000087800000, 0x0000000087800000|100%|HS|  |TAMS 0x0000000087700000| PB 0x0000000087700000| Complete |  0
|  70|0x0000000087800000, 0x0000000087900000, 0x0000000087900000|100%|HC|  |TAMS 0x0000000087800000| PB 0x0000000087800000| Complete |  0
|  71|0x0000000087900000, 0x0000000087a00000, 0x0000000087a00000|100%| O|  |TAMS 0x0000000087900000| PB 0x0000000087900000| Untracked |  0
|  72|0x0000000087a00000, 0x0000000087b00000, 0x0000000087b00000|100%| O|  |TAMS 0x0000000087a00000| PB 0x0000000087a00000| Untracked |  0
|  73|0x0000000087b00000, 0x0000000087c00000, 0x0000000087c00000|100%|HS|  |TAMS 0x0000000087b00000| PB 0x0000000087b00000| Complete |  0
|  74|0x0000000087c00000, 0x0000000087d00000, 0x0000000087d00000|100%|HC|  |TAMS 0x0000000087c00000| PB 0x0000000087c00000| Complete |  0
|  75|0x0000000087d00000, 0x0000000087e00000, 0x0000000087e00000|100%|HS|  |TAMS 0x0000000087d00000| PB 0x0000000087d00000| Complete |  0
|  76|0x0000000087e00000, 0x0000000087f00000, 0x0000000087f00000|100%|HC|  |TAMS 0x0000000087e00000| PB 0x0000000087e00000| Complete |  0
|  77|0x0000000087f00000, 0x0000000088000000, 0x0000000088000000|100%|HS|  |TAMS 0x0000000087f00000| PB 0x0000000087f00000| Complete |  0
|  78|0x0000000088000000, 0x0000000088100000, 0x0000000088100000|100%|HC|  |TAMS 0x0000000088000000| PB 0x0000000088000000| Complete |  0
|  79|0x0000000088100000, 0x0000000088200000, 0x0000000088200000|100%| O|Cm|TAMS 0x0000000088100000| PB 0x0000000088100000| Complete |  0
|  80|0x0000000088200000, 0x0000000088300000, 0x0000000088300000|100%|HS|  |TAMS 0x0000000088200000| PB 0x0000000088200000| Complete |  0
|  81|0x0000000088300000, 0x0000000088400000, 0x0000000088400000|100%|HC|  |TAMS 0x0000000088300000| PB 0x0000000088300000| Complete |  0
|  82|0x0000000088400000, 0x0000000088500000, 0x0000000088500000|100%| O|  |TAMS 0x0000000088400000| PB 0x0000000088400000| Untracked |  0
|  83|0x0000000088500000, 0x0000000088600000, 0x0000000088600000|100%|HS|  |TAMS 0x0000000088500000| PB 0x0000000088500000| Complete |  0
|  84|0x0000000088600000, 0x0000000088700000, 0x0000000088700000|100%|HC|  |TAMS 0x0000000088600000| PB 0x0000000088600000| Complete |  0
|  85|0x0000000088700000, 0x0000000088800000, 0x0000000088800000|100%|HC|  |TAMS 0x0000000088700000| PB 0x0000000088700000| Complete |  0
|  86|0x0000000088800000, 0x0000000088900000, 0x0000000088900000|100%|HC|  |TAMS 0x0000000088800000| PB 0x0000000088800000| Complete |  0
|  87|0x0000000088900000, 0x0000000088a00000, 0x0000000088a00000|100%|HC|  |TAMS 0x0000000088900000| PB 0x0000000088900000| Complete |  0
|  88|0x0000000088a00000, 0x0000000088b00000, 0x0000000088b00000|100%|HC|  |TAMS 0x0000000088a00000| PB 0x0000000088a00000| Complete |  0
|  89|0x0000000088b00000, 0x0000000088c00000, 0x0000000088c00000|100%|HC|  |TAMS 0x0000000088b00000| PB 0x0000000088b00000| Complete |  0
|  90|0x0000000088c00000, 0x0000000088d00000, 0x0000000088d00000|100%|HC|  |TAMS 0x0000000088c00000| PB 0x0000000088c00000| Complete |  0
|  91|0x0000000088d00000, 0x0000000088e00000, 0x0000000088e00000|100%|HC|  |TAMS 0x0000000088d00000| PB 0x0000000088d00000| Complete |  0
|  92|0x0000000088e00000, 0x0000000088f00000, 0x0000000088f00000|100%|HC|  |TAMS 0x0000000088e00000| PB 0x0000000088e00000| Complete |  0
|  93|0x0000000088f00000, 0x0000000089000000, 0x0000000089000000|100%|HC|  |TAMS 0x0000000088f00000| PB 0x0000000088f00000| Complete |  0
|  94|0x0000000089000000, 0x0000000089100000, 0x0000000089100000|100%|HC|  |TAMS 0x0000000089000000| PB 0x0000000089000000| Complete |  0
|  95|0x0000000089100000, 0x0000000089200000, 0x0000000089200000|100%|HC|  |TAMS 0x0000000089100000| PB 0x0000000089100000| Complete |  0
|  96|0x0000000089200000, 0x0000000089300000, 0x0000000089300000|100%|HC|  |TAMS 0x0000000089200000| PB 0x0000000089200000| Complete |  0
|  97|0x0000000089300000, 0x0000000089400000, 0x0000000089400000|100%|HC|  |TAMS 0x0000000089300000| PB 0x0000000089300000| Complete |  0
|  98|0x0000000089400000, 0x0000000089500000, 0x0000000089500000|100%|HC|  |TAMS 0x0000000089400000| PB 0x0000000089400000| Complete |  0
|  99|0x0000000089500000, 0x0000000089600000, 0x0000000089600000|100%|HC|  |TAMS 0x0000000089500000| PB 0x0000000089500000| Complete |  0
| 100|0x0000000089600000, 0x0000000089700000, 0x0000000089700000|100%|HC|  |TAMS 0x0000000089600000| PB 0x0000000089600000| Complete |  0
| 101|0x0000000089700000, 0x0000000089800000, 0x0000000089800000|100%|HC|  |TAMS 0x0000000089700000| PB 0x0000000089700000| Complete |  0
| 102|0x0000000089800000, 0x0000000089900000, 0x0000000089900000|100%|HC|  |TAMS 0x0000000089800000| PB 0x0000000089800000| Complete |  0
| 103|0x0000000089900000, 0x0000000089a00000, 0x0000000089a00000|100%|HC|  |TAMS 0x0000000089900000| PB 0x0000000089900000| Complete |  0
| 104|0x0000000089a00000, 0x0000000089b00000, 0x0000000089b00000|100%|HC|  |TAMS 0x0000000089a00000| PB 0x0000000089a00000| Complete |  0
| 105|0x0000000089b00000, 0x0000000089c00000, 0x0000000089c00000|100%|HS|  |TAMS 0x0000000089b00000| PB 0x0000000089b00000| Complete |  0
| 106|0x0000000089c00000, 0x0000000089d00000, 0x0000000089d00000|100%|HC|  |TAMS 0x0000000089c00000| PB 0x0000000089c00000| Complete |  0
| 107|0x0000000089d00000, 0x0000000089e00000, 0x0000000089e00000|100%|HS|  |TAMS 0x0000000089d00000| PB 0x0000000089d00000| Complete |  0
| 108|0x0000000089e00000, 0x0000000089f00000, 0x0000000089f00000|100%|HC|  |TAMS 0x0000000089e00000| PB 0x0000000089e00000| Complete |  0
| 109|0x0000000089f00000, 0x000000008a000000, 0x000000008a000000|100%|HS|  |TAMS 0x0000000089f00000| PB 0x0000000089f00000| Complete |  0
| 110|0x000000008a000000, 0x000000008a100000, 0x000000008a100000|100%|HC|  |TAMS 0x000000008a000000| PB 0x000000008a000000| Complete |  0
| 111|0x000000008a100000, 0x000000008a200000, 0x000000008a200000|100%|HS|  |TAMS 0x000000008a100000| PB 0x000000008a100000| Complete |  0
| 112|0x000000008a200000, 0x000000008a300000, 0x000000008a300000|100%|HC|  |TAMS 0x000000008a200000| PB 0x000000008a200000| Complete |  0
| 113|0x000000008a300000, 0x000000008a400000, 0x000000008a400000|100%|HS|  |TAMS 0x000000008a300000| PB 0x000000008a300000| Complete |  0
| 114|0x000000008a400000, 0x000000008a500000, 0x000000008a500000|100%|HC|  |TAMS 0x000000008a400000| PB 0x000000008a400000| Complete |  0
| 115|0x000000008a500000, 0x000000008a600000, 0x000000008a600000|100%|HS|  |TAMS 0x000000008a500000| PB 0x000000008a500000| Complete |  0
| 116|0x000000008a600000, 0x000000008a700000, 0x000000008a700000|100%|HC|  |TAMS 0x000000008a600000| PB 0x000000008a600000| Complete |  0
| 117|0x000000008a700000, 0x000000008a800000, 0x000000008a800000|100%|HS|  |TAMS 0x000000008a700000| PB 0x000000008a700000| Complete |  0
| 118|0x000000008a800000, 0x000000008a900000, 0x000000008a900000|100%|HC|  |TAMS 0x000000008a800000| PB 0x000000008a800000| Complete |  0
| 119|0x000000008a900000, 0x000000008aa00000, 0x000000008aa00000|100%|HS|  |TAMS 0x000000008a900000| PB 0x000000008a900000| Complete |  0
| 120|0x000000008aa00000, 0x000000008ab00000, 0x000000008ab00000|100%|HC|  |TAMS 0x000000008aa00000| PB 0x000000008aa00000| Complete |  0
| 121|0x000000008ab00000, 0x000000008ac00000, 0x000000008ac00000|100%|HS|  |TAMS 0x000000008ab00000| PB 0x000000008ab00000| Complete |  0
| 122|0x000000008ac00000, 0x000000008ad00000, 0x000000008ad00000|100%|HC|  |TAMS 0x000000008ac00000| PB 0x000000008ac00000| Complete |  0
| 123|0x000000008ad00000, 0x000000008ae00000, 0x000000008ae00000|100%|HS|  |TAMS 0x000000008ad00000| PB 0x000000008ad00000| Complete |  0
| 124|0x000000008ae00000, 0x000000008af00000, 0x000000008af00000|100%|HC|  |TAMS 0x000000008ae00000| PB 0x000000008ae00000| Complete |  0
| 125|0x000000008af00000, 0x000000008b000000, 0x000000008b000000|100%| O|  |TAMS 0x000000008af00000| PB 0x000000008af00000| Untracked |  0
| 126|0x000000008b000000, 0x000000008b100000, 0x000000008b100000|100%|HS|  |TAMS 0x000000008b000000| PB 0x000000008b000000| Complete |  0
| 127|0x000000008b100000, 0x000000008b200000, 0x000000008b200000|100%|HC|  |TAMS 0x000000008b100000| PB 0x000000008b100000| Complete |  0
| 128|0x000000008b200000, 0x000000008b300000, 0x000000008b300000|100%|HS|  |TAMS 0x000000008b200000| PB 0x000000008b200000| Complete |  0
| 129|0x000000008b300000, 0x000000008b400000, 0x000000008b400000|100%|HC|  |TAMS 0x000000008b300000| PB 0x000000008b300000| Complete |  0
| 130|0x000000008b400000, 0x000000008b500000, 0x000000008b500000|100%|HS|  |TAMS 0x000000008b400000| PB 0x000000008b400000| Complete |  0
| 131|0x000000008b500000, 0x000000008b600000, 0x000000008b600000|100%|HC|  |TAMS 0x000000008b500000| PB 0x000000008b500000| Complete |  0
| 132|0x000000008b600000, 0x000000008b700000, 0x000000008b700000|100%|HS|  |TAMS 0x000000008b600000| PB 0x000000008b600000| Complete |  0
| 133|0x000000008b700000, 0x000000008b800000, 0x000000008b800000|100%|HC|  |TAMS 0x000000008b700000| PB 0x000000008b700000| Complete |  0
| 134|0x000000008b800000, 0x000000008b900000, 0x000000008b900000|100%|HS|  |TAMS 0x000000008b800000| PB 0x000000008b800000| Complete |  0
| 135|0x000000008b900000, 0x000000008ba00000, 0x000000008ba00000|100%|HC|  |TAMS 0x000000008b900000| PB 0x000000008b900000| Complete |  0
| 136|0x000000008ba00000, 0x000000008bb00000, 0x000000008bb00000|100%|HS|  |TAMS 0x000000008ba00000| PB 0x000000008ba00000| Complete |  0
| 137|0x000000008bb00000, 0x000000008bc00000, 0x000000008bc00000|100%|HC|  |TAMS 0x000000008bb00000| PB 0x000000008bb00000| Complete |  0
| 138|0x000000008bc00000, 0x000000008bd00000, 0x000000008bd00000|100%|HS|  |TAMS 0x000000008bc00000| PB 0x000000008bc00000| Complete |  0
| 139|0x000000008bd00000, 0x000000008be00000, 0x000000008be00000|100%|HC|  |TAMS 0x000000008bd00000| PB 0x000000008bd00000| Complete |  0
| 140|0x000000008be00000, 0x000000008bf00000, 0x000000008bf00000|100%|HS|  |TAMS 0x000000008be00000| PB 0x000000008be00000| Complete |  0
| 141|0x000000008bf00000, 0x000000008c000000, 0x000000008c000000|100%|HC|  |TAMS 0x000000008bf00000| PB 0x000000008bf00000| Complete |  0
| 142|0x000000008c000000, 0x000000008c100000, 0x000000008c100000|100%|HS|  |TAMS 0x000000008c000000| PB 0x000000008c000000| Complete |  0
| 143|0x000000008c100000, 0x000000008c200000, 0x000000008c200000|100%|HC|  |TAMS 0x000000008c100000| PB 0x000000008c100000| Complete |  0
| 144|0x000000008c200000, 0x000000008c300000, 0x000000008c300000|100%|HS|  |TAMS 0x000000008c200000| PB 0x000000008c200000| Complete |  0
| 145|0x000000008c300000, 0x000000008c400000, 0x000000008c400000|100%|HC|  |TAMS 0x000000008c300000| PB 0x000000008c300000| Complete |  0
| 146|0x000000008c400000, 0x000000008c500000, 0x000000008c500000|100%| O|  |TAMS 0x000000008c400000| PB 0x000000008c400000| Untracked |  0
| 147|0x000000008c500000, 0x000000008c600000, 0x000000008c600000|100%|HS|  |TAMS 0x000000008c500000| PB 0x000000008c500000| Complete |  0
| 148|0x000000008c600000, 0x000000008c700000, 0x000000008c700000|100%|HC|  |TAMS 0x000000008c600000| PB 0x000000008c600000| Complete |  0
| 149|0x000000008c700000, 0x000000008c800000, 0x000000008c800000|100%|HC|  |TAMS 0x000000008c700000| PB 0x000000008c700000| Complete |  0
| 150|0x000000008c800000, 0x000000008c900000, 0x000000008c900000|100%|HC|  |TAMS 0x000000008c800000| PB 0x000000008c800000| Complete |  0
| 151|0x000000008c900000, 0x000000008ca00000, 0x000000008ca00000|100%|HC|  |TAMS 0x000000008c900000| PB 0x000000008c900000| Complete |  0
| 152|0x000000008ca00000, 0x000000008cb00000, 0x000000008cb00000|100%|HC|  |TAMS 0x000000008ca00000| PB 0x000000008ca00000| Complete |  0
| 153|0x000000008cb00000, 0x000000008cc00000, 0x000000008cc00000|100%|HC|  |TAMS 0x000000008cb00000| PB 0x000000008cb00000| Complete |  0
| 154|0x000000008cc00000, 0x000000008cd00000, 0x000000008cd00000|100%|HC|  |TAMS 0x000000008cc00000| PB 0x000000008cc00000| Complete |  0
| 155|0x000000008cd00000, 0x000000008ce00000, 0x000000008ce00000|100%|HC|  |TAMS 0x000000008cd00000| PB 0x000000008cd00000| Complete |  0
| 156|0x000000008ce00000, 0x000000008cf00000, 0x000000008cf00000|100%|HC|  |TAMS 0x000000008ce00000| PB 0x000000008ce00000| Complete |  0
| 157|0x000000008cf00000, 0x000000008d000000, 0x000000008d000000|100%|HC|  |TAMS 0x000000008cf00000| PB 0x000000008cf00000| Complete |  0
| 158|0x000000008d000000, 0x000000008d100000, 0x000000008d100000|100%|HC|  |TAMS 0x000000008d000000| PB 0x000000008d000000| Complete |  0
| 159|0x000000008d100000, 0x000000008d200000, 0x000000008d200000|100%|HC|  |TAMS 0x000000008d100000| PB 0x000000008d100000| Complete |  0
| 160|0x000000008d200000, 0x000000008d300000, 0x000000008d300000|100%|HC|  |TAMS 0x000000008d200000| PB 0x000000008d200000| Complete |  0
| 161|0x000000008d300000, 0x000000008d400000, 0x000000008d400000|100%|HC|  |TAMS 0x000000008d300000| PB 0x000000008d300000| Complete |  0
| 162|0x000000008d400000, 0x000000008d500000, 0x000000008d500000|100%|HC|  |TAMS 0x000000008d400000| PB 0x000000008d400000| Complete |  0
| 163|0x000000008d500000, 0x000000008d600000, 0x000000008d600000|100%|HC|  |TAMS 0x000000008d500000| PB 0x000000008d500000| Complete |  0
| 164|0x000000008d600000, 0x000000008d700000, 0x000000008d700000|100%|HC|  |TAMS 0x000000008d600000| PB 0x000000008d600000| Complete |  0
| 165|0x000000008d700000, 0x000000008d800000, 0x000000008d800000|100%|HC|  |TAMS 0x000000008d700000| PB 0x000000008d700000| Complete |  0
| 166|0x000000008d800000, 0x000000008d900000, 0x000000008d900000|100%|HC|  |TAMS 0x000000008d800000| PB 0x000000008d800000| Complete |  0
| 167|0x000000008d900000, 0x000000008da00000, 0x000000008da00000|100%|HC|  |TAMS 0x000000008d900000| PB 0x000000008d900000| Complete |  0
| 168|0x000000008da00000, 0x000000008db00000, 0x000000008db00000|100%|HC|  |TAMS 0x000000008da00000| PB 0x000000008da00000| Complete |  0
| 169|0x000000008db00000, 0x000000008dc00000, 0x000000008dc00000|100%|HS|  |TAMS 0x000000008db00000| PB 0x000000008db00000| Complete |  0
| 170|0x000000008dc00000, 0x000000008dd00000, 0x000000008dd00000|100%|HC|  |TAMS 0x000000008dc00000| PB 0x000000008dc00000| Complete |  0
| 171|0x000000008dd00000, 0x000000008de00000, 0x000000008de00000|100%|HC|  |TAMS 0x000000008dd00000| PB 0x000000008dd00000| Complete |  0
| 172|0x000000008de00000, 0x000000008df00000, 0x000000008df00000|100%|HC|  |TAMS 0x000000008de00000| PB 0x000000008de00000| Complete |  0
| 173|0x000000008df00000, 0x000000008e000000, 0x000000008e000000|100%|HC|  |TAMS 0x000000008df00000| PB 0x000000008df00000| Complete |  0
| 174|0x000000008e000000, 0x000000008e100000, 0x000000008e100000|100%|HC|  |TAMS 0x000000008e000000| PB 0x000000008e000000| Complete |  0
| 175|0x000000008e100000, 0x000000008e200000, 0x000000008e200000|100%|HC|  |TAMS 0x000000008e100000| PB 0x000000008e100000| Complete |  0
| 176|0x000000008e200000, 0x000000008e300000, 0x000000008e300000|100%|HC|  |TAMS 0x000000008e200000| PB 0x000000008e200000| Complete |  0
| 177|0x000000008e300000, 0x000000008e400000, 0x000000008e400000|100%|HC|  |TAMS 0x000000008e300000| PB 0x000000008e300000| Complete |  0
| 178|0x000000008e400000, 0x000000008e500000, 0x000000008e500000|100%|HC|  |TAMS 0x000000008e400000| PB 0x000000008e400000| Complete |  0
| 179|0x000000008e500000, 0x000000008e600000, 0x000000008e600000|100%|HC|  |TAMS 0x000000008e500000| PB 0x000000008e500000| Complete |  0
| 180|0x000000008e600000, 0x000000008e700000, 0x000000008e700000|100%|HC|  |TAMS 0x000000008e600000| PB 0x000000008e600000| Complete |  0
| 181|0x000000008e700000, 0x000000008e800000, 0x000000008e800000|100%|HC|  |TAMS 0x000000008e700000| PB 0x000000008e700000| Complete |  0
| 182|0x000000008e800000, 0x000000008e900000, 0x000000008e900000|100%|HC|  |TAMS 0x000000008e800000| PB 0x000000008e800000| Complete |  0
| 183|0x000000008e900000, 0x000000008ea00000, 0x000000008ea00000|100%|HC|  |TAMS 0x000000008e900000| PB 0x000000008e900000| Complete |  0
| 184|0x000000008ea00000, 0x000000008eb00000, 0x000000008eb00000|100%|HC|  |TAMS 0x000000008ea00000| PB 0x000000008ea00000| Complete |  0
| 185|0x000000008eb00000, 0x000000008ec00000, 0x000000008ec00000|100%|HC|  |TAMS 0x000000008eb00000| PB 0x000000008eb00000| Complete |  0
| 186|0x000000008ec00000, 0x000000008ed00000, 0x000000008ed00000|100%|HC|  |TAMS 0x000000008ec00000| PB 0x000000008ec00000| Complete |  0
| 187|0x000000008ed00000, 0x000000008ee00000, 0x000000008ee00000|100%|HC|  |TAMS 0x000000008ed00000| PB 0x000000008ed00000| Complete |  0
| 188|0x000000008ee00000, 0x000000008ef00000, 0x000000008ef00000|100%|HC|  |TAMS 0x000000008ee00000| PB 0x000000008ee00000| Complete |  0
| 189|0x000000008ef00000, 0x000000008f000000, 0x000000008f000000|100%|HC|  |TAMS 0x000000008ef00000| PB 0x000000008ef00000| Complete |  0
| 190|0x000000008f000000, 0x000000008f100000, 0x000000008f100000|100%|HC|  |TAMS 0x000000008f000000| PB 0x000000008f000000| Complete |  0
| 191|0x000000008f100000, 0x000000008f200000, 0x000000008f200000|100%|HS|  |TAMS 0x000000008f100000| PB 0x000000008f100000| Complete |  0
| 192|0x000000008f200000, 0x000000008f300000, 0x000000008f300000|100%|HC|  |TAMS 0x000000008f200000| PB 0x000000008f200000| Complete |  0
| 193|0x000000008f300000, 0x000000008f400000, 0x000000008f400000|100%|HC|  |TAMS 0x000000008f300000| PB 0x000000008f300000| Complete |  0
| 194|0x000000008f400000, 0x000000008f500000, 0x000000008f500000|100%|HC|  |TAMS 0x000000008f400000| PB 0x000000008f400000| Complete |  0
| 195|0x000000008f500000, 0x000000008f600000, 0x000000008f600000|100%|HC|  |TAMS 0x000000008f500000| PB 0x000000008f500000| Complete |  0
| 196|0x000000008f600000, 0x000000008f700000, 0x000000008f700000|100%|HC|  |TAMS 0x000000008f600000| PB 0x000000008f600000| Complete |  0
| 197|0x000000008f700000, 0x000000008f800000, 0x000000008f800000|100%|HC|  |TAMS 0x000000008f700000| PB 0x000000008f700000| Complete |  0
| 198|0x000000008f800000, 0x000000008f900000, 0x000000008f900000|100%|HC|  |TAMS 0x000000008f800000| PB 0x000000008f800000| Complete |  0
| 199|0x000000008f900000, 0x000000008fa00000, 0x000000008fa00000|100%|HC|  |TAMS 0x000000008f900000| PB 0x000000008f900000| Complete |  0
| 200|0x000000008fa00000, 0x000000008fb00000, 0x000000008fb00000|100%|HC|  |TAMS 0x000000008fa00000| PB 0x000000008fa00000| Complete |  0
| 201|0x000000008fb00000, 0x000000008fc00000, 0x000000008fc00000|100%|HC|  |TAMS 0x000000008fb00000| PB 0x000000008fb00000| Complete |  0
| 202|0x000000008fc00000, 0x000000008fd00000, 0x000000008fd00000|100%|HC|  |TAMS 0x000000008fc00000| PB 0x000000008fc00000| Complete |  0
| 203|0x000000008fd00000, 0x000000008fe00000, 0x000000008fe00000|100%|HC|  |TAMS 0x000000008fd00000| PB 0x000000008fd00000| Complete |  0
| 204|0x000000008fe00000, 0x000000008ff00000, 0x000000008ff00000|100%|HC|  |TAMS 0x000000008fe00000| PB 0x000000008fe00000| Complete |  0
| 205|0x000000008ff00000, 0x0000000090000000, 0x0000000090000000|100%|HC|  |TAMS 0x000000008ff00000| PB 0x000000008ff00000| Complete |  0
| 206|0x0000000090000000, 0x0000000090100000, 0x0000000090100000|100%|HC|  |TAMS 0x0000000090000000| PB 0x0000000090000000| Complete |  0
| 207|0x0000000090100000, 0x0000000090200000, 0x0000000090200000|100%|HC|  |TAMS 0x0000000090100000| PB 0x0000000090100000| Complete |  0
| 208|0x0000000090200000, 0x0000000090300000, 0x0000000090300000|100%|HC|  |TAMS 0x0000000090200000| PB 0x0000000090200000| Complete |  0
| 209|0x0000000090300000, 0x0000000090400000, 0x0000000090400000|100%|HC|  |TAMS 0x0000000090300000| PB 0x0000000090300000| Complete |  0
| 210|0x0000000090400000, 0x0000000090500000, 0x0000000090500000|100%|HC|  |TAMS 0x0000000090400000| PB 0x0000000090400000| Complete |  0
| 211|0x0000000090500000, 0x0000000090600000, 0x0000000090600000|100%|HC|  |TAMS 0x0000000090500000| PB 0x0000000090500000| Complete |  0
| 212|0x0000000090600000, 0x0000000090700000, 0x0000000090700000|100%|HC|  |TAMS 0x0000000090600000| PB 0x0000000090600000| Complete |  0
| 213|0x0000000090700000, 0x0000000090800000, 0x0000000090800000|100%|HS|  |TAMS 0x0000000090700000| PB 0x0000000090700000| Complete |  0
| 214|0x0000000090800000, 0x0000000090900000, 0x0000000090900000|100%|HC|  |TAMS 0x0000000090800000| PB 0x0000000090800000| Complete |  0
| 215|0x0000000090900000, 0x0000000090a00000, 0x0000000090a00000|100%|HS|  |TAMS 0x0000000090900000| PB 0x0000000090900000| Complete |  0
| 216|0x0000000090a00000, 0x0000000090b00000, 0x0000000090b00000|100%|HC|  |TAMS 0x0000000090a00000| PB 0x0000000090a00000| Complete |  0
| 217|0x0000000090b00000, 0x0000000090c00000, 0x0000000090c00000|100%|HS|  |TAMS 0x0000000090b00000| PB 0x0000000090b00000| Complete |  0
| 218|0x0000000090c00000, 0x0000000090d00000, 0x0000000090d00000|100%|HC|  |TAMS 0x0000000090c00000| PB 0x0000000090c00000| Complete |  0
| 219|0x0000000090d00000, 0x0000000090e00000, 0x0000000090e00000|100%|HS|  |TAMS 0x0000000090d00000| PB 0x0000000090d00000| Complete |  0
| 220|0x0000000090e00000, 0x0000000090f00000, 0x0000000090f00000|100%|HC|  |TAMS 0x0000000090e00000| PB 0x0000000090e00000| Complete |  0
| 221|0x0000000090f00000, 0x0000000091000000, 0x0000000091000000|100%|HS|  |TAMS 0x0000000090f00000| PB 0x0000000090f00000| Complete |  0
| 222|0x0000000091000000, 0x0000000091100000, 0x0000000091100000|100%|HC|  |TAMS 0x0000000091000000| PB 0x0000000091000000| Complete |  0
| 223|0x0000000091100000, 0x0000000091200000, 0x0000000091200000|100%|HS|  |TAMS 0x0000000091100000| PB 0x0000000091100000| Complete |  0
| 224|0x0000000091200000, 0x0000000091300000, 0x0000000091300000|100%|HC|  |TAMS 0x0000000091200000| PB 0x0000000091200000| Complete |  0
| 225|0x0000000091300000, 0x0000000091400000, 0x0000000091400000|100%|HS|  |TAMS 0x0000000091300000| PB 0x0000000091300000| Complete |  0
| 226|0x0000000091400000, 0x0000000091500000, 0x0000000091500000|100%|HC|  |TAMS 0x0000000091400000| PB 0x0000000091400000| Complete |  0
| 227|0x0000000091500000, 0x0000000091600000, 0x0000000091600000|100%|HS|  |TAMS 0x0000000091500000| PB 0x0000000091500000| Complete |  0
| 228|0x0000000091600000, 0x0000000091700000, 0x0000000091700000|100%|HC|  |TAMS 0x0000000091600000| PB 0x0000000091600000| Complete |  0
| 229|0x0000000091700000, 0x0000000091800000, 0x0000000091800000|100%|HC|  |TAMS 0x0000000091700000| PB 0x0000000091700000| Complete |  0
| 230|0x0000000091800000, 0x0000000091900000, 0x0000000091900000|100%|HC|  |TAMS 0x0000000091800000| PB 0x0000000091800000| Complete |  0
| 231|0x0000000091900000, 0x0000000091a00000, 0x0000000091a00000|100%|HC|  |TAMS 0x0000000091900000| PB 0x0000000091900000| Complete |  0
| 232|0x0000000091a00000, 0x0000000091b00000, 0x0000000091b00000|100%|HC|  |TAMS 0x0000000091a00000| PB 0x0000000091a00000| Complete |  0
| 233|0x0000000091b00000, 0x0000000091c00000, 0x0000000091c00000|100%|HC|  |TAMS 0x0000000091b00000| PB 0x0000000091b00000| Complete |  0
| 234|0x0000000091c00000, 0x0000000091d00000, 0x0000000091d00000|100%|HC|  |TAMS 0x0000000091c00000| PB 0x0000000091c00000| Complete |  0
| 235|0x0000000091d00000, 0x0000000091e00000, 0x0000000091e00000|100%|HC|  |TAMS 0x0000000091d00000| PB 0x0000000091d00000| Complete |  0
| 236|0x0000000091e00000, 0x0000000091f00000, 0x0000000091f00000|100%|HC|  |TAMS 0x0000000091e00000| PB 0x0000000091e00000| Complete |  0
| 237|0x0000000091f00000, 0x0000000092000000, 0x0000000092000000|100%|HC|  |TAMS 0x0000000091f00000| PB 0x0000000091f00000| Complete |  0
| 238|0x0000000092000000, 0x0000000092100000, 0x0000000092100000|100%|HC|  |TAMS 0x0000000092000000| PB 0x0000000092000000| Complete |  0
| 239|0x0000000092100000, 0x0000000092200000, 0x0000000092200000|100%|HC|  |TAMS 0x0000000092100000| PB 0x0000000092100000| Complete |  0
| 240|0x0000000092200000, 0x0000000092300000, 0x0000000092300000|100%|HC|  |TAMS 0x0000000092200000| PB 0x0000000092200000| Complete |  0
| 241|0x0000000092300000, 0x0000000092400000, 0x0000000092400000|100%|HC|  |TAMS 0x0000000092300000| PB 0x0000000092300000| Complete |  0
| 242|0x0000000092400000, 0x0000000092500000, 0x0000000092500000|100%|HC|  |TAMS 0x0000000092400000| PB 0x0000000092400000| Complete |  0
| 243|0x0000000092500000, 0x0000000092600000, 0x0000000092600000|100%|HC|  |TAMS 0x0000000092500000| PB 0x0000000092500000| Complete |  0
| 244|0x0000000092600000, 0x0000000092700000, 0x0000000092700000|100%|HC|  |TAMS 0x0000000092600000| PB 0x0000000092600000| Complete |  0
| 245|0x0000000092700000, 0x0000000092800000, 0x0000000092800000|100%|HC|  |TAMS 0x0000000092700000| PB 0x0000000092700000| Complete |  0
| 246|0x0000000092800000, 0x0000000092900000, 0x0000000092900000|100%|HC|  |TAMS 0x0000000092800000| PB 0x0000000092800000| Complete |  0
| 247|0x0000000092900000, 0x0000000092a00000, 0x0000000092a00000|100%|HC|  |TAMS 0x0000000092900000| PB 0x0000000092900000| Complete |  0
| 248|0x0000000092a00000, 0x0000000092b00000, 0x0000000092b00000|100%|HC|  |TAMS 0x0000000092a00000| PB 0x0000000092a00000| Complete |  0
| 249|0x0000000092b00000, 0x0000000092c00000, 0x0000000092c00000|100%|HS|  |TAMS 0x0000000092b00000| PB 0x0000000092b00000| Complete |  0
| 250|0x0000000092c00000, 0x0000000092d00000, 0x0000000092d00000|100%|HC|  |TAMS 0x0000000092c00000| PB 0x0000000092c00000| Complete |  0
| 251|0x0000000092d00000, 0x0000000092e00000, 0x0000000092e00000|100%|HS|  |TAMS 0x0000000092d00000| PB 0x0000000092d00000| Complete |  0
| 252|0x0000000092e00000, 0x0000000092f00000, 0x0000000092f00000|100%|HC|  |TAMS 0x0000000092e00000| PB 0x0000000092e00000| Complete |  0
| 253|0x0000000092f00000, 0x0000000093000000, 0x0000000093000000|100%|HS|  |TAMS 0x0000000092f00000| PB 0x0000000092f00000| Complete |  0
| 254|0x0000000093000000, 0x0000000093100000, 0x0000000093100000|100%|HC|  |TAMS 0x0000000093000000| PB 0x0000000093000000| Complete |  0
| 255|0x0000000093100000, 0x0000000093200000, 0x0000000093200000|100%|HS|  |TAMS 0x0000000093100000| PB 0x0000000093100000| Complete |  0
| 256|0x0000000093200000, 0x0000000093300000, 0x0000000093300000|100%|HC|  |TAMS 0x0000000093200000| PB 0x0000000093200000| Complete |  0
| 257|0x0000000093300000, 0x0000000093400000, 0x0000000093400000|100%|HS|  |TAMS 0x0000000093300000| PB 0x0000000093300000| Complete |  0
| 258|0x0000000093400000, 0x0000000093500000, 0x0000000093500000|100%|HC|  |TAMS 0x0000000093400000| PB 0x0000000093400000| Complete |  0
| 259|0x0000000093500000, 0x0000000093600000, 0x0000000093600000|100%|HS|  |TAMS 0x0000000093500000| PB 0x0000000093500000| Complete |  0
| 260|0x0000000093600000, 0x0000000093700000, 0x0000000093700000|100%|HC|  |TAMS 0x0000000093600000| PB 0x0000000093600000| Complete |  0
| 261|0x0000000093700000, 0x0000000093800000, 0x0000000093800000|100%|HS|  |TAMS 0x0000000093700000| PB 0x0000000093700000| Complete |  0
| 262|0x0000000093800000, 0x0000000093900000, 0x0000000093900000|100%|HC|  |TAMS 0x0000000093800000| PB 0x0000000093800000| Complete |  0
| 263|0x0000000093900000, 0x0000000093a00000, 0x0000000093a00000|100%|HS|  |TAMS 0x0000000093900000| PB 0x0000000093900000| Complete |  0
| 264|0x0000000093a00000, 0x0000000093b00000, 0x0000000093b00000|100%|HC|  |TAMS 0x0000000093a00000| PB 0x0000000093a00000| Complete |  0
| 265|0x0000000093b00000, 0x0000000093c00000, 0x0000000093c00000|100%|HS|  |TAMS 0x0000000093b00000| PB 0x0000000093b00000| Complete |  0
| 266|0x0000000093c00000, 0x0000000093d00000, 0x0000000093d00000|100%|HC|  |TAMS 0x0000000093c00000| PB 0x0000000093c00000| Complete |  0
| 267|0x0000000093d00000, 0x0000000093e00000, 0x0000000093e00000|100%|HS|  |TAMS 0x0000000093d00000| PB 0x0000000093d00000| Complete |  0
| 268|0x0000000093e00000, 0x0000000093f00000, 0x0000000093f00000|100%|HC|  |TAMS 0x0000000093e00000| PB 0x0000000093e00000| Complete |  0
| 269|0x0000000093f00000, 0x0000000094000000, 0x0000000094000000|100%|HS|  |TAMS 0x0000000093f00000| PB 0x0000000093f00000| Complete |  0
| 270|0x0000000094000000, 0x0000000094100000, 0x0000000094100000|100%|HC|  |TAMS 0x0000000094000000| PB 0x0000000094000000| Complete |  0
| 271|0x0000000094100000, 0x0000000094200000, 0x0000000094200000|100%|HS|  |TAMS 0x0000000094100000| PB 0x0000000094100000| Complete |  0
| 272|0x0000000094200000, 0x0000000094300000, 0x0000000094300000|100%|HC|  |TAMS 0x0000000094200000| PB 0x0000000094200000| Complete |  0
| 273|0x0000000094300000, 0x0000000094400000, 0x0000000094400000|100%|HS|  |TAMS 0x0000000094300000| PB 0x0000000094300000| Complete |  0
| 274|0x0000000094400000, 0x0000000094500000, 0x0000000094500000|100%|HC|  |TAMS 0x0000000094400000| PB 0x0000000094400000| Complete |  0
| 275|0x0000000094500000, 0x0000000094600000, 0x0000000094600000|100%|HS|  |TAMS 0x0000000094500000| PB 0x0000000094500000| Complete |  0
| 276|0x0000000094600000, 0x0000000094700000, 0x0000000094700000|100%|HC|  |TAMS 0x0000000094600000| PB 0x0000000094600000| Complete |  0
| 277|0x0000000094700000, 0x0000000094800000, 0x0000000094800000|100%|HS|  |TAMS 0x0000000094700000| PB 0x0000000094700000| Complete |  0
| 278|0x0000000094800000, 0x0000000094900000, 0x0000000094900000|100%|HC|  |TAMS 0x0000000094800000| PB 0x0000000094800000| Complete |  0
| 279|0x0000000094900000, 0x0000000094a00000, 0x0000000094a00000|100%|HS|  |TAMS 0x0000000094900000| PB 0x0000000094900000| Complete |  0
| 280|0x0000000094a00000, 0x0000000094b00000, 0x0000000094b00000|100%|HC|  |TAMS 0x0000000094a00000| PB 0x0000000094a00000| Complete |  0
| 281|0x0000000094b00000, 0x0000000094c00000, 0x0000000094c00000|100%|HS|  |TAMS 0x0000000094b00000| PB 0x0000000094b00000| Complete |  0
| 282|0x0000000094c00000, 0x0000000094d00000, 0x0000000094d00000|100%|HC|  |TAMS 0x0000000094c00000| PB 0x0000000094c00000| Complete |  0
| 283|0x0000000094d00000, 0x0000000094e00000, 0x0000000094e00000|100%|HC|  |TAMS 0x0000000094d00000| PB 0x0000000094d00000| Complete |  0
| 284|0x0000000094e00000, 0x0000000094f00000, 0x0000000094f00000|100%|HC|  |TAMS 0x0000000094e00000| PB 0x0000000094e00000| Complete |  0
| 285|0x0000000094f00000, 0x0000000095000000, 0x0000000095000000|100%|HC|  |TAMS 0x0000000094f00000| PB 0x0000000094f00000| Complete |  0
| 286|0x0000000095000000, 0x0000000095100000, 0x0000000095100000|100%|HC|  |TAMS 0x0000000095000000| PB 0x0000000095000000| Complete |  0
| 287|0x0000000095100000, 0x0000000095200000, 0x0000000095200000|100%|HC|  |TAMS 0x0000000095100000| PB 0x0000000095100000| Complete |  0
| 288|0x0000000095200000, 0x0000000095300000, 0x0000000095300000|100%|HC|  |TAMS 0x0000000095200000| PB 0x0000000095200000| Complete |  0
| 289|0x0000000095300000, 0x0000000095400000, 0x0000000095400000|100%|HC|  |TAMS 0x0000000095300000| PB 0x0000000095300000| Complete |  0
| 290|0x0000000095400000, 0x0000000095500000, 0x0000000095500000|100%|HC|  |TAMS 0x0000000095400000| PB 0x0000000095400000| Complete |  0
| 291|0x0000000095500000, 0x0000000095600000, 0x0000000095600000|100%|HC|  |TAMS 0x0000000095500000| PB 0x0000000095500000| Complete |  0
| 292|0x0000000095600000, 0x0000000095700000, 0x0000000095700000|100%|HC|  |TAMS 0x0000000095600000| PB 0x0000000095600000| Complete |  0
| 293|0x0000000095700000, 0x0000000095800000, 0x0000000095800000|100%|HC|  |TAMS 0x0000000095700000| PB 0x0000000095700000| Complete |  0
| 294|0x0000000095800000, 0x0000000095900000, 0x0000000095900000|100%|HC|  |TAMS 0x0000000095800000| PB 0x0000000095800000| Complete |  0
| 295|0x0000000095900000, 0x0000000095a00000, 0x0000000095a00000|100%|HC|  |TAMS 0x0000000095900000| PB 0x0000000095900000| Complete |  0
| 296|0x0000000095a00000, 0x0000000095b00000, 0x0000000095b00000|100%|HC|  |TAMS 0x0000000095a00000| PB 0x0000000095a00000| Complete |  0
| 297|0x0000000095b00000, 0x0000000095c00000, 0x0000000095c00000|100%|HC|  |TAMS 0x0000000095b00000| PB 0x0000000095b00000| Complete |  0
| 298|0x0000000095c00000, 0x0000000095d00000, 0x0000000095d00000|100%|HC|  |TAMS 0x0000000095c00000| PB 0x0000000095c00000| Complete |  0
| 299|0x0000000095d00000, 0x0000000095e00000, 0x0000000095e00000|100%|HC|  |TAMS 0x0000000095d00000| PB 0x0000000095d00000| Complete |  0
| 300|0x0000000095e00000, 0x0000000095f00000, 0x0000000095f00000|100%|HC|  |TAMS 0x0000000095e00000| PB 0x0000000095e00000| Complete |  0
| 301|0x0000000095f00000, 0x0000000096000000, 0x0000000096000000|100%|HC|  |TAMS 0x0000000095f00000| PB 0x0000000095f00000| Complete |  0
| 302|0x0000000096000000, 0x0000000096100000, 0x0000000096100000|100%|HC|  |TAMS 0x0000000096000000| PB 0x0000000096000000| Complete |  0
| 303|0x0000000096100000, 0x0000000096200000, 0x0000000096200000|100%|HS|  |TAMS 0x0000000096100000| PB 0x0000000096100000| Complete |  0
| 304|0x0000000096200000, 0x0000000096300000, 0x0000000096300000|100%|HC|  |TAMS 0x0000000096200000| PB 0x0000000096200000| Complete |  0
| 305|0x0000000096300000, 0x0000000096400000, 0x0000000096400000|100%|HS|  |TAMS 0x0000000096300000| PB 0x0000000096300000| Complete |  0
| 306|0x0000000096400000, 0x0000000096500000, 0x0000000096500000|100%|HC|  |TAMS 0x0000000096400000| PB 0x0000000096400000| Complete |  0
| 307|0x0000000096500000, 0x0000000096600000, 0x0000000096600000|100%|HS|  |TAMS 0x0000000096500000| PB 0x0000000096500000| Complete |  0
| 308|0x0000000096600000, 0x0000000096700000, 0x0000000096700000|100%|HC|  |TAMS 0x0000000096600000| PB 0x0000000096600000| Complete |  0
| 309|0x0000000096700000, 0x0000000096800000, 0x0000000096800000|100%|HS|  |TAMS 0x0000000096700000| PB 0x0000000096700000| Complete |  0
| 310|0x0000000096800000, 0x0000000096900000, 0x0000000096900000|100%|HC|  |TAMS 0x0000000096800000| PB 0x0000000096800000| Complete |  0
| 311|0x0000000096900000, 0x0000000096a00000, 0x0000000096a00000|100%|HC|  |TAMS 0x0000000096900000| PB 0x0000000096900000| Complete |  0
| 312|0x0000000096a00000, 0x0000000096b00000, 0x0000000096b00000|100%|HC|  |TAMS 0x0000000096a00000| PB 0x0000000096a00000| Complete |  0
| 313|0x0000000096b00000, 0x0000000096c00000, 0x0000000096c00000|100%|HC|  |TAMS 0x0000000096b00000| PB 0x0000000096b00000| Complete |  0
| 314|0x0000000096c00000, 0x0000000096d00000, 0x0000000096d00000|100%|HC|  |TAMS 0x0000000096c00000| PB 0x0000000096c00000| Complete |  0
| 315|0x0000000096d00000, 0x0000000096e00000, 0x0000000096e00000|100%|HC|  |TAMS 0x0000000096d00000| PB 0x0000000096d00000| Complete |  0
| 316|0x0000000096e00000, 0x0000000096f00000, 0x0000000096f00000|100%|HC|  |TAMS 0x0000000096e00000| PB 0x0000000096e00000| Complete |  0
| 317|0x0000000096f00000, 0x0000000097000000, 0x0000000097000000|100%|HC|  |TAMS 0x0000000096f00000| PB 0x0000000096f00000| Complete |  0
| 318|0x0000000097000000, 0x0000000097100000, 0x0000000097100000|100%|HC|  |TAMS 0x0000000097000000| PB 0x0000000097000000| Complete |  0
| 319|0x0000000097100000, 0x0000000097200000, 0x0000000097200000|100%|HC|  |TAMS 0x0000000097100000| PB 0x0000000097100000| Complete |  0
| 320|0x0000000097200000, 0x0000000097300000, 0x0000000097300000|100%|HC|  |TAMS 0x0000000097200000| PB 0x0000000097200000| Complete |  0
| 321|0x0000000097300000, 0x0000000097400000, 0x0000000097400000|100%|HC|  |TAMS 0x0000000097300000| PB 0x0000000097300000| Complete |  0
| 322|0x0000000097400000, 0x0000000097500000, 0x0000000097500000|100%|HC|  |TAMS 0x0000000097400000| PB 0x0000000097400000| Complete |  0
| 323|0x0000000097500000, 0x0000000097600000, 0x0000000097600000|100%|HC|  |TAMS 0x0000000097500000| PB 0x0000000097500000| Complete |  0
| 324|0x0000000097600000, 0x0000000097700000, 0x0000000097700000|100%|HC|  |TAMS 0x0000000097600000| PB 0x0000000097600000| Complete |  0
| 325|0x0000000097700000, 0x0000000097800000, 0x0000000097800000|100%|HC|  |TAMS 0x0000000097700000| PB 0x0000000097700000| Complete |  0
| 326|0x0000000097800000, 0x0000000097900000, 0x0000000097900000|100%|HC|  |TAMS 0x0000000097800000| PB 0x0000000097800000| Complete |  0
| 327|0x0000000097900000, 0x0000000097a00000, 0x0000000097a00000|100%|HC|  |TAMS 0x0000000097900000| PB 0x0000000097900000| Complete |  0
| 328|0x0000000097a00000, 0x0000000097b00000, 0x0000000097b00000|100%|HC|  |TAMS 0x0000000097a00000| PB 0x0000000097a00000| Complete |  0
| 329|0x0000000097b00000, 0x0000000097c00000, 0x0000000097c00000|100%|HC|  |TAMS 0x0000000097b00000| PB 0x0000000097b00000| Complete |  0
| 330|0x0000000097c00000, 0x0000000097d00000, 0x0000000097d00000|100%|HC|  |TAMS 0x0000000097c00000| PB 0x0000000097c00000| Complete |  0
| 331|0x0000000097d00000, 0x0000000097e00000, 0x0000000097e00000|100%|HS|  |TAMS 0x0000000097d00000| PB 0x0000000097d00000| Complete |  0
| 332|0x0000000097e00000, 0x0000000097f00000, 0x0000000097f00000|100%|HC|  |TAMS 0x0000000097e00000| PB 0x0000000097e00000| Complete |  0
| 333|0x0000000097f00000, 0x0000000098000000, 0x0000000098000000|100%|HS|  |TAMS 0x0000000097f00000| PB 0x0000000097f00000| Complete |  0
| 334|0x0000000098000000, 0x0000000098100000, 0x0000000098100000|100%|HC|  |TAMS 0x0000000098000000| PB 0x0000000098000000| Complete |  0
| 335|0x0000000098100000, 0x0000000098200000, 0x0000000098200000|100%|HS|  |TAMS 0x0000000098100000| PB 0x0000000098100000| Complete |  0
| 336|0x0000000098200000, 0x0000000098300000, 0x0000000098300000|100%|HC|  |TAMS 0x0000000098200000| PB 0x0000000098200000| Complete |  0
| 337|0x0000000098300000, 0x0000000098400000, 0x0000000098400000|100%|HS|  |TAMS 0x0000000098300000| PB 0x0000000098300000| Complete |  0
| 338|0x0000000098400000, 0x0000000098500000, 0x0000000098500000|100%|HC|  |TAMS 0x0000000098400000| PB 0x0000000098400000| Complete |  0
| 339|0x0000000098500000, 0x0000000098600000, 0x0000000098600000|100%|HS|  |TAMS 0x0000000098500000| PB 0x0000000098500000| Complete |  0
| 340|0x0000000098600000, 0x0000000098700000, 0x0000000098700000|100%|HC|  |TAMS 0x0000000098600000| PB 0x0000000098600000| Complete |  0
| 341|0x0000000098700000, 0x0000000098800000, 0x0000000098800000|100%|HS|  |TAMS 0x0000000098700000| PB 0x0000000098700000| Complete |  0
| 342|0x0000000098800000, 0x0000000098900000, 0x0000000098900000|100%|HC|  |TAMS 0x0000000098800000| PB 0x0000000098800000| Complete |  0
| 343|0x0000000098900000, 0x0000000098a00000, 0x0000000098a00000|100%|HS|  |TAMS 0x0000000098900000| PB 0x0000000098900000| Complete |  0
| 344|0x0000000098a00000, 0x0000000098b00000, 0x0000000098b00000|100%|HC|  |TAMS 0x0000000098a00000| PB 0x0000000098a00000| Complete |  0
| 345|0x0000000098b00000, 0x0000000098c00000, 0x0000000098c00000|100%|HS|  |TAMS 0x0000000098b00000| PB 0x0000000098b00000| Complete |  0
| 346|0x0000000098c00000, 0x0000000098d00000, 0x0000000098d00000|100%|HC|  |TAMS 0x0000000098c00000| PB 0x0000000098c00000| Complete |  0
| 347|0x0000000098d00000, 0x0000000098e00000, 0x0000000098e00000|100%|HS|  |TAMS 0x0000000098d00000| PB 0x0000000098d00000| Complete |  0
| 348|0x0000000098e00000, 0x0000000098f00000, 0x0000000098f00000|100%|HC|  |TAMS 0x0000000098e00000| PB 0x0000000098e00000| Complete |  0
| 349|0x0000000098f00000, 0x0000000099000000, 0x0000000099000000|100%| O|Cm|TAMS 0x0000000098f00000| PB 0x0000000098f00000| Complete |  0
| 350|0x0000000099000000, 0x0000000099100000, 0x0000000099100000|100%|HS|  |TAMS 0x0000000099000000| PB 0x0000000099000000| Complete |  0
| 351|0x0000000099100000, 0x0000000099200000, 0x0000000099200000|100%|HC|  |TAMS 0x0000000099100000| PB 0x0000000099100000| Complete |  0
| 352|0x0000000099200000, 0x0000000099300000, 0x0000000099300000|100%|HS|  |TAMS 0x0000000099200000| PB 0x0000000099200000| Complete |  0
| 353|0x0000000099300000, 0x0000000099400000, 0x0000000099400000|100%|HC|  |TAMS 0x0000000099300000| PB 0x0000000099300000| Complete |  0
| 354|0x0000000099400000, 0x0000000099500000, 0x0000000099500000|100%|HC|  |TAMS 0x0000000099400000| PB 0x0000000099400000| Complete |  0
| 355|0x0000000099500000, 0x0000000099600000, 0x0000000099600000|100%|HC|  |TAMS 0x0000000099500000| PB 0x0000000099500000| Complete |  0
| 356|0x0000000099600000, 0x0000000099700000, 0x0000000099700000|100%|HC|  |TAMS 0x0000000099600000| PB 0x0000000099600000| Complete |  0
| 357|0x0000000099700000, 0x0000000099800000, 0x0000000099800000|100%|HC|  |TAMS 0x0000000099700000| PB 0x0000000099700000| Complete |  0
| 358|0x0000000099800000, 0x0000000099900000, 0x0000000099900000|100%|HC|  |TAMS 0x0000000099800000| PB 0x0000000099800000| Complete |  0
| 359|0x0000000099900000, 0x0000000099a00000, 0x0000000099a00000|100%|HC|  |TAMS 0x0000000099900000| PB 0x0000000099900000| Complete |  0
| 360|0x0000000099a00000, 0x0000000099b00000, 0x0000000099b00000|100%|HC|  |TAMS 0x0000000099a00000| PB 0x0000000099a00000| Complete |  0
| 361|0x0000000099b00000, 0x0000000099c00000, 0x0000000099c00000|100%|HC|  |TAMS 0x0000000099b00000| PB 0x0000000099b00000| Complete |  0
| 362|0x0000000099c00000, 0x0000000099d00000, 0x0000000099d00000|100%|HC|  |TAMS 0x0000000099c00000| PB 0x0000000099c00000| Complete |  0
| 363|0x0000000099d00000, 0x0000000099e00000, 0x0000000099e00000|100%|HC|  |TAMS 0x0000000099d00000| PB 0x0000000099d00000| Complete |  0
| 364|0x0000000099e00000, 0x0000000099f00000, 0x0000000099f00000|100%|HC|  |TAMS 0x0000000099e00000| PB 0x0000000099e00000| Complete |  0
| 365|0x0000000099f00000, 0x000000009a000000, 0x000000009a000000|100%|HC|  |TAMS 0x0000000099f00000| PB 0x0000000099f00000| Complete |  0
| 366|0x000000009a000000, 0x000000009a100000, 0x000000009a100000|100%|HC|  |TAMS 0x000000009a000000| PB 0x000000009a000000| Complete |  0
| 367|0x000000009a100000, 0x000000009a200000, 0x000000009a200000|100%|HC|  |TAMS 0x000000009a100000| PB 0x000000009a100000| Complete |  0
| 368|0x000000009a200000, 0x000000009a300000, 0x000000009a300000|100%|HC|  |TAMS 0x000000009a200000| PB 0x000000009a200000| Complete |  0
| 369|0x000000009a300000, 0x000000009a400000, 0x000000009a400000|100%|HC|  |TAMS 0x000000009a300000| PB 0x000000009a300000| Complete |  0
| 370|0x000000009a400000, 0x000000009a500000, 0x000000009a500000|100%|HC|  |TAMS 0x000000009a400000| PB 0x000000009a400000| Complete |  0
| 371|0x000000009a500000, 0x000000009a600000, 0x000000009a600000|100%|HC|  |TAMS 0x000000009a500000| PB 0x000000009a500000| Complete |  0
| 372|0x000000009a600000, 0x000000009a700000, 0x000000009a700000|100%|HC|  |TAMS 0x000000009a600000| PB 0x000000009a600000| Complete |  0
| 373|0x000000009a700000, 0x000000009a800000, 0x000000009a800000|100%|HC|  |TAMS 0x000000009a700000| PB 0x000000009a700000| Complete |  0
| 374|0x000000009a800000, 0x000000009a900000, 0x000000009a900000|100%|HS|  |TAMS 0x000000009a800000| PB 0x000000009a800000| Complete |  0
| 375|0x000000009a900000, 0x000000009aa00000, 0x000000009aa00000|100%|HC|  |TAMS 0x000000009a900000| PB 0x000000009a900000| Complete |  0
| 376|0x000000009aa00000, 0x000000009ab00000, 0x000000009ab00000|100%|HS|  |TAMS 0x000000009aa00000| PB 0x000000009aa00000| Complete |  0
| 377|0x000000009ab00000, 0x000000009ac00000, 0x000000009ac00000|100%|HC|  |TAMS 0x000000009ab00000| PB 0x000000009ab00000| Complete |  0
| 378|0x000000009ac00000, 0x000000009ad00000, 0x000000009ad00000|100%|HS|  |TAMS 0x000000009ac00000| PB 0x000000009ac00000| Complete |  0
| 379|0x000000009ad00000, 0x000000009ae00000, 0x000000009ae00000|100%|HC|  |TAMS 0x000000009ad00000| PB 0x000000009ad00000| Complete |  0
| 380|0x000000009ae00000, 0x000000009af00000, 0x000000009af00000|100%|HS|  |TAMS 0x000000009ae00000| PB 0x000000009ae00000| Complete |  0
| 381|0x000000009af00000, 0x000000009b000000, 0x000000009b000000|100%|HC|  |TAMS 0x000000009af00000| PB 0x000000009af00000| Complete |  0
| 382|0x000000009b000000, 0x000000009b100000, 0x000000009b100000|100%|HS|  |TAMS 0x000000009b000000| PB 0x000000009b000000| Complete |  0
| 383|0x000000009b100000, 0x000000009b200000, 0x000000009b200000|100%|HC|  |TAMS 0x000000009b100000| PB 0x000000009b100000| Complete |  0
| 384|0x000000009b200000, 0x000000009b300000, 0x000000009b300000|100%|HS|  |TAMS 0x000000009b200000| PB 0x000000009b200000| Complete |  0
| 385|0x000000009b300000, 0x000000009b400000, 0x000000009b400000|100%|HC|  |TAMS 0x000000009b300000| PB 0x000000009b300000| Complete |  0
| 386|0x000000009b400000, 0x000000009b500000, 0x000000009b500000|100%|HS|  |TAMS 0x000000009b400000| PB 0x000000009b400000| Complete |  0
| 387|0x000000009b500000, 0x000000009b600000, 0x000000009b600000|100%|HC|  |TAMS 0x000000009b500000| PB 0x000000009b500000| Complete |  0
| 388|0x000000009b600000, 0x000000009b700000, 0x000000009b700000|100%|HS|  |TAMS 0x000000009b600000| PB 0x000000009b600000| Complete |  0
| 389|0x000000009b700000, 0x000000009b800000, 0x000000009b800000|100%|HC|  |TAMS 0x000000009b700000| PB 0x000000009b700000| Complete |  0
| 390|0x000000009b800000, 0x000000009b900000, 0x000000009b900000|100%|HS|  |TAMS 0x000000009b800000| PB 0x000000009b800000| Complete |  0
| 391|0x000000009b900000, 0x000000009ba00000, 0x000000009ba00000|100%|HC|  |TAMS 0x000000009b900000| PB 0x000000009b900000| Complete |  0
| 392|0x000000009ba00000, 0x000000009bb00000, 0x000000009bb00000|100%|HS|  |TAMS 0x000000009ba00000| PB 0x000000009ba00000| Complete |  0
| 393|0x000000009bb00000, 0x000000009bc00000, 0x000000009bc00000|100%|HC|  |TAMS 0x000000009bb00000| PB 0x000000009bb00000| Complete |  0
| 394|0x000000009bc00000, 0x000000009bd00000, 0x000000009bd00000|100%|HS|  |TAMS 0x000000009bc00000| PB 0x000000009bc00000| Complete |  0
| 395|0x000000009bd00000, 0x000000009be00000, 0x000000009be00000|100%|HC|  |TAMS 0x000000009bd00000| PB 0x000000009bd00000| Complete |  0
| 396|0x000000009be00000, 0x000000009bf00000, 0x000000009bf00000|100%|HS|  |TAMS 0x000000009be00000| PB 0x000000009be00000| Complete |  0
| 397|0x000000009bf00000, 0x000000009c000000, 0x000000009c000000|100%|HS|  |TAMS 0x000000009bf00000| PB 0x000000009bf00000| Complete |  0
| 398|0x000000009c000000, 0x000000009c100000, 0x000000009c100000|100%|HC|  |TAMS 0x000000009c000000| PB 0x000000009c000000| Complete |  0
| 399|0x000000009c100000, 0x000000009c200000, 0x000000009c200000|100%|HS|  |TAMS 0x000000009c100000| PB 0x000000009c100000| Complete |  0
| 400|0x000000009c200000, 0x000000009c300000, 0x000000009c300000|100%|HC|  |TAMS 0x000000009c200000| PB 0x000000009c200000| Complete |  0
| 401|0x000000009c300000, 0x000000009c400000, 0x000000009c400000|100%|HS|  |TAMS 0x000000009c300000| PB 0x000000009c300000| Complete |  0
| 402|0x000000009c400000, 0x000000009c500000, 0x000000009c500000|100%|HC|  |TAMS 0x000000009c400000| PB 0x000000009c400000| Complete |  0
| 403|0x000000009c500000, 0x000000009c600000, 0x000000009c600000|100%|HS|  |TAMS 0x000000009c500000| PB 0x000000009c500000| Complete |  0
| 404|0x000000009c600000, 0x000000009c700000, 0x000000009c700000|100%|HC|  |TAMS 0x000000009c600000| PB 0x000000009c600000| Complete |  0
| 405|0x000000009c700000, 0x000000009c800000, 0x000000009c800000|100%|HC|  |TAMS 0x000000009c700000| PB 0x000000009c700000| Complete |  0
| 406|0x000000009c800000, 0x000000009c900000, 0x000000009c900000|100%|HC|  |TAMS 0x000000009c800000| PB 0x000000009c800000| Complete |  0
| 407|0x000000009c900000, 0x000000009ca00000, 0x000000009ca00000|100%|HC|  |TAMS 0x000000009c900000| PB 0x000000009c900000| Complete |  0
| 408|0x000000009ca00000, 0x000000009cb00000, 0x000000009cb00000|100%|HC|  |TAMS 0x000000009ca00000| PB 0x000000009ca00000| Complete |  0
| 409|0x000000009cb00000, 0x000000009cc00000, 0x000000009cc00000|100%|HC|  |TAMS 0x000000009cb00000| PB 0x000000009cb00000| Complete |  0
| 410|0x000000009cc00000, 0x000000009cd00000, 0x000000009cd00000|100%|HC|  |TAMS 0x000000009cc00000| PB 0x000000009cc00000| Complete |  0
| 411|0x000000009cd00000, 0x000000009ce00000, 0x000000009ce00000|100%|HC|  |TAMS 0x000000009cd00000| PB 0x000000009cd00000| Complete |  0
| 412|0x000000009ce00000, 0x000000009cf00000, 0x000000009cf00000|100%|HC|  |TAMS 0x000000009ce00000| PB 0x000000009ce00000| Complete |  0
| 413|0x000000009cf00000, 0x000000009d000000, 0x000000009d000000|100%|HC|  |TAMS 0x000000009cf00000| PB 0x000000009cf00000| Complete |  0
| 414|0x000000009d000000, 0x000000009d100000, 0x000000009d100000|100%|HC|  |TAMS 0x000000009d000000| PB 0x000000009d000000| Complete |  0
| 415|0x000000009d100000, 0x000000009d200000, 0x000000009d200000|100%|HC|  |TAMS 0x000000009d100000| PB 0x000000009d100000| Complete |  0
| 416|0x000000009d200000, 0x000000009d300000, 0x000000009d300000|100%|HC|  |TAMS 0x000000009d200000| PB 0x000000009d200000| Complete |  0
| 417|0x000000009d300000, 0x000000009d400000, 0x000000009d400000|100%|HC|  |TAMS 0x000000009d300000| PB 0x000000009d300000| Complete |  0
| 418|0x000000009d400000, 0x000000009d500000, 0x000000009d500000|100%|HC|  |TAMS 0x000000009d400000| PB 0x000000009d400000| Complete |  0
| 419|0x000000009d500000, 0x000000009d600000, 0x000000009d600000|100%|HC|  |TAMS 0x000000009d500000| PB 0x000000009d500000| Complete |  0
| 420|0x000000009d600000, 0x000000009d700000, 0x000000009d700000|100%|HC|  |TAMS 0x000000009d600000| PB 0x000000009d600000| Complete |  0
| 421|0x000000009d700000, 0x000000009d800000, 0x000000009d800000|100%|HC|  |TAMS 0x000000009d700000| PB 0x000000009d700000| Complete |  0
| 422|0x000000009d800000, 0x000000009d900000, 0x000000009d900000|100%|HC|  |TAMS 0x000000009d800000| PB 0x000000009d800000| Complete |  0
| 423|0x000000009d900000, 0x000000009da00000, 0x000000009da00000|100%|HC|  |TAMS 0x000000009d900000| PB 0x000000009d900000| Complete |  0
| 424|0x000000009da00000, 0x000000009db00000, 0x000000009db00000|100%|HC|  |TAMS 0x000000009da00000| PB 0x000000009da00000| Complete |  0
| 425|0x000000009db00000, 0x000000009dc00000, 0x000000009dc00000|100%|HS|  |TAMS 0x000000009db00000| PB 0x000000009db00000| Complete |  0
| 426|0x000000009dc00000, 0x000000009dd00000, 0x000000009dd00000|100%|HC|  |TAMS 0x000000009dc00000| PB 0x000000009dc00000| Complete |  0
| 427|0x000000009dd00000, 0x000000009de00000, 0x000000009de00000|100%|HS|  |TAMS 0x000000009dd00000| PB 0x000000009dd00000| Complete |  0
| 428|0x000000009de00000, 0x000000009df00000, 0x000000009df00000|100%|HC|  |TAMS 0x000000009de00000| PB 0x000000009de00000| Complete |  0
| 429|0x000000009df00000, 0x000000009e000000, 0x000000009e000000|100%|HS|  |TAMS 0x000000009df00000| PB 0x000000009df00000| Complete |  0
| 430|0x000000009e000000, 0x000000009e100000, 0x000000009e100000|100%|HC|  |TAMS 0x000000009e000000| PB 0x000000009e000000| Complete |  0
| 431|0x000000009e100000, 0x000000009e200000, 0x000000009e200000|100%|HS|  |TAMS 0x000000009e100000| PB 0x000000009e100000| Complete |  0
| 432|0x000000009e200000, 0x000000009e300000, 0x000000009e300000|100%|HC|  |TAMS 0x000000009e200000| PB 0x000000009e200000| Complete |  0
| 433|0x000000009e300000, 0x000000009e400000, 0x000000009e400000|100%|HS|  |TAMS 0x000000009e300000| PB 0x000000009e300000| Complete |  0
| 434|0x000000009e400000, 0x000000009e500000, 0x000000009e500000|100%|HC|  |TAMS 0x000000009e400000| PB 0x000000009e400000| Complete |  0
| 435|0x000000009e500000, 0x000000009e600000, 0x000000009e600000|100%|HS|  |TAMS 0x000000009e500000| PB 0x000000009e500000| Complete |  0
| 436|0x000000009e600000, 0x000000009e700000, 0x000000009e700000|100%|HC|  |TAMS 0x000000009e600000| PB 0x000000009e600000| Complete |  0
| 437|0x000000009e700000, 0x000000009e800000, 0x000000009e800000|100%|HS|  |TAMS 0x000000009e700000| PB 0x000000009e700000| Complete |  0
| 438|0x000000009e800000, 0x000000009e900000, 0x000000009e900000|100%|HC|  |TAMS 0x000000009e800000| PB 0x000000009e800000| Complete |  0
| 439|0x000000009e900000, 0x000000009ea00000, 0x000000009ea00000|100%|HS|  |TAMS 0x000000009e900000| PB 0x000000009e900000| Complete |  0
| 440|0x000000009ea00000, 0x000000009eb00000, 0x000000009eb00000|100%|HC|  |TAMS 0x000000009ea00000| PB 0x000000009ea00000| Complete |  0
| 441|0x000000009eb00000, 0x000000009ec00000, 0x000000009ec00000|100%| O|  |TAMS 0x000000009eb00000| PB 0x000000009eb00000| Untracked |  0
| 442|0x000000009ec00000, 0x000000009ed00000, 0x000000009ed00000|100%| O|  |TAMS 0x000000009ec00000| PB 0x000000009ec00000| Untracked |  0
| 443|0x000000009ed00000, 0x000000009ee00000, 0x000000009ee00000|100%| O|  |TAMS 0x000000009ed00000| PB 0x000000009ed00000| Untracked |  0
| 444|0x000000009ee00000, 0x000000009ee7a470, 0x000000009ef00000| 47%| O|  |TAMS 0x000000009ee00000| PB 0x000000009ee00000| Untracked |  0
| 445|0x000000009ef00000, 0x000000009f000000, 0x000000009f000000|100%|HS|  |TAMS 0x000000009ef00000| PB 0x000000009ef00000| Complete |  0
| 446|0x000000009f000000, 0x000000009f100000, 0x000000009f100000|100%|HC|  |TAMS 0x000000009f000000| PB 0x000000009f000000| Complete |  0
| 447|0x000000009f100000, 0x000000009f200000, 0x000000009f200000|100%|HS|  |TAMS 0x000000009f100000| PB 0x000000009f100000| Complete |  0
| 448|0x000000009f200000, 0x000000009f300000, 0x000000009f300000|100%|HC|  |TAMS 0x000000009f200000| PB 0x000000009f200000| Complete |  0
| 449|0x000000009f300000, 0x000000009f400000, 0x000000009f400000|100%|HS|  |TAMS 0x000000009f300000| PB 0x000000009f300000| Complete |  0
| 450|0x000000009f400000, 0x000000009f500000, 0x000000009f500000|100%|HC|  |TAMS 0x000000009f400000| PB 0x000000009f400000| Complete |  0
| 451|0x000000009f500000, 0x000000009f600000, 0x000000009f600000|100%|HC|  |TAMS 0x000000009f500000| PB 0x000000009f500000| Complete |  0
| 452|0x000000009f600000, 0x000000009f700000, 0x000000009f700000|100%|HC|  |TAMS 0x000000009f600000| PB 0x000000009f600000| Complete |  0
| 453|0x000000009f700000, 0x000000009f800000, 0x000000009f800000|100%|HC|  |TAMS 0x000000009f700000| PB 0x000000009f700000| Complete |  0
| 454|0x000000009f800000, 0x000000009f900000, 0x000000009f900000|100%|HC|  |TAMS 0x000000009f800000| PB 0x000000009f800000| Complete |  0
| 455|0x000000009f900000, 0x000000009fa00000, 0x000000009fa00000|100%|HC|  |TAMS 0x000000009f900000| PB 0x000000009f900000| Complete |  0
| 456|0x000000009fa00000, 0x000000009fb00000, 0x000000009fb00000|100%|HC|  |TAMS 0x000000009fa00000| PB 0x000000009fa00000| Complete |  0
| 457|0x000000009fb00000, 0x000000009fc00000, 0x000000009fc00000|100%|HC|  |TAMS 0x000000009fb00000| PB 0x000000009fb00000| Complete |  0
| 458|0x000000009fc00000, 0x000000009fd00000, 0x000000009fd00000|100%|HC|  |TAMS 0x000000009fc00000| PB 0x000000009fc00000| Complete |  0
| 459|0x000000009fd00000, 0x000000009fe00000, 0x000000009fe00000|100%|HC|  |TAMS 0x000000009fd00000| PB 0x000000009fd00000| Complete |  0
| 460|0x000000009fe00000, 0x000000009ff00000, 0x000000009ff00000|100%|HC|  |TAMS 0x000000009fe00000| PB 0x000000009fe00000| Complete |  0
| 461|0x000000009ff00000, 0x00000000a0000000, 0x00000000a0000000|100%|HC|  |TAMS 0x000000009ff00000| PB 0x000000009ff00000| Complete |  0
| 462|0x00000000a0000000, 0x00000000a0100000, 0x00000000a0100000|100%|HC|  |TAMS 0x00000000a0000000| PB 0x00000000a0000000| Complete |  0
| 463|0x00000000a0100000, 0x00000000a0200000, 0x00000000a0200000|100%|HC|  |TAMS 0x00000000a0100000| PB 0x00000000a0100000| Complete |  0
| 464|0x00000000a0200000, 0x00000000a0300000, 0x00000000a0300000|100%|HC|  |TAMS 0x00000000a0200000| PB 0x00000000a0200000| Complete |  0
| 465|0x00000000a0300000, 0x00000000a0400000, 0x00000000a0400000|100%|HC|  |TAMS 0x00000000a0300000| PB 0x00000000a0300000| Complete |  0
| 466|0x00000000a0400000, 0x00000000a0500000, 0x00000000a0500000|100%|HC|  |TAMS 0x00000000a0400000| PB 0x00000000a0400000| Complete |  0
| 467|0x00000000a0500000, 0x00000000a0600000, 0x00000000a0600000|100%|HC|  |TAMS 0x00000000a0500000| PB 0x00000000a0500000| Complete |  0
| 468|0x00000000a0600000, 0x00000000a0700000, 0x00000000a0700000|100%|HC|  |TAMS 0x00000000a0600000| PB 0x00000000a0600000| Complete |  0
| 469|0x00000000a0700000, 0x00000000a0800000, 0x00000000a0800000|100%|HC|  |TAMS 0x00000000a0700000| PB 0x00000000a0700000| Complete |  0
| 470|0x00000000a0800000, 0x00000000a0900000, 0x00000000a0900000|100%|HC|  |TAMS 0x00000000a0800000| PB 0x00000000a0800000| Complete |  0
| 471|0x00000000a0900000, 0x00000000a0a00000, 0x00000000a0a00000|100%|HS|  |TAMS 0x00000000a0900000| PB 0x00000000a0900000| Complete |  0
| 472|0x00000000a0a00000, 0x00000000a0b00000, 0x00000000a0b00000|100%|HC|  |TAMS 0x00000000a0a00000| PB 0x00000000a0a00000| Complete |  0
| 473|0x00000000a0b00000, 0x00000000a0c00000, 0x00000000a0c00000|100%|HS|  |TAMS 0x00000000a0b00000| PB 0x00000000a0b00000| Complete |  0
| 474|0x00000000a0c00000, 0x00000000a0d00000, 0x00000000a0d00000|100%|HC|  |TAMS 0x00000000a0c00000| PB 0x00000000a0c00000| Complete |  0
| 475|0x00000000a0d00000, 0x00000000a0e00000, 0x00000000a0e00000|100%|HS|  |TAMS 0x00000000a0d00000| PB 0x00000000a0d00000| Complete |  0
| 476|0x00000000a0e00000, 0x00000000a0f00000, 0x00000000a0f00000|100%|HC|  |TAMS 0x00000000a0e00000| PB 0x00000000a0e00000| Complete |  0
| 477|0x00000000a0f00000, 0x00000000a0f00000, 0x00000000a1000000|  0%| F|  |TAMS 0x00000000a0f00000| PB 0x00000000a0f00000| Untracked |  0
| 478|0x00000000a1000000, 0x00000000a1100000, 0x00000000a1100000|100%|HS|  |TAMS 0x00000000a1000000| PB 0x00000000a1000000| Complete |  0
| 479|0x00000000a1100000, 0x00000000a1200000, 0x00000000a1200000|100%|HC|  |TAMS 0x00000000a1100000| PB 0x00000000a1100000| Complete |  0
| 480|0x00000000a1200000, 0x00000000a1200000, 0x00000000a1300000|  0%| F|  |TAMS 0x00000000a1200000| PB 0x00000000a1200000| Untracked |  0
| 481|0x00000000a1300000, 0x00000000a1400000, 0x00000000a1400000|100%|HS|  |TAMS 0x00000000a1300000| PB 0x00000000a1300000| Complete |  0
| 482|0x00000000a1400000, 0x00000000a1500000, 0x00000000a1500000|100%|HC|  |TAMS 0x00000000a1400000| PB 0x00000000a1400000| Complete |  0
| 483|0x00000000a1500000, 0x00000000a1600000, 0x00000000a1600000|100%|HS|  |TAMS 0x00000000a1500000| PB 0x00000000a1500000| Complete |  0
| 484|0x00000000a1600000, 0x00000000a1700000, 0x00000000a1700000|100%|HC|  |TAMS 0x00000000a1600000| PB 0x00000000a1600000| Complete |  0
| 485|0x00000000a1700000, 0x00000000a1700000, 0x00000000a1800000|  0%| F|  |TAMS 0x00000000a1700000| PB 0x00000000a1700000| Untracked |  0
| 486|0x00000000a1800000, 0x00000000a1800000, 0x00000000a1900000|  0%| F|  |TAMS 0x00000000a1800000| PB 0x00000000a1800000| Untracked |  0
| 487|0x00000000a1900000, 0x00000000a1900000, 0x00000000a1a00000|  0%| F|  |TAMS 0x00000000a1900000| PB 0x00000000a1900000| Untracked |  0
| 488|0x00000000a1a00000, 0x00000000a1a00000, 0x00000000a1b00000|  0%| F|  |TAMS 0x00000000a1a00000| PB 0x00000000a1a00000| Untracked |  0
| 489|0x00000000a1b00000, 0x00000000a1b00000, 0x00000000a1c00000|  0%| F|  |TAMS 0x00000000a1b00000| PB 0x00000000a1b00000| Untracked |  0
| 490|0x00000000a1c00000, 0x00000000a1c00000, 0x00000000a1d00000|  0%| F|  |TAMS 0x00000000a1c00000| PB 0x00000000a1c00000| Untracked |  0
| 491|0x00000000a1d00000, 0x00000000a1d00000, 0x00000000a1e00000|  0%| F|  |TAMS 0x00000000a1d00000| PB 0x00000000a1d00000| Untracked |  0
| 492|0x00000000a1e00000, 0x00000000a1e00000, 0x00000000a1f00000|  0%| F|  |TAMS 0x00000000a1e00000| PB 0x00000000a1e00000| Untracked |  0
| 493|0x00000000a1f00000, 0x00000000a1f00000, 0x00000000a2000000|  0%| F|  |TAMS 0x00000000a1f00000| PB 0x00000000a1f00000| Untracked |  0
| 494|0x00000000a2000000, 0x00000000a2000000, 0x00000000a2100000|  0%| F|  |TAMS 0x00000000a2000000| PB 0x00000000a2000000| Untracked |  0
| 495|0x00000000a2100000, 0x00000000a2100000, 0x00000000a2200000|  0%| F|  |TAMS 0x00000000a2100000| PB 0x00000000a2100000| Untracked |  0
| 496|0x00000000a2200000, 0x00000000a2200000, 0x00000000a2300000|  0%| F|  |TAMS 0x00000000a2200000| PB 0x00000000a2200000| Untracked |  0
| 497|0x00000000a2300000, 0x00000000a2300000, 0x00000000a2400000|  0%| F|  |TAMS 0x00000000a2300000| PB 0x00000000a2300000| Untracked |  0
| 498|0x00000000a2400000, 0x00000000a2400000, 0x00000000a2500000|  0%| F|  |TAMS 0x00000000a2400000| PB 0x00000000a2400000| Untracked |  0
| 499|0x00000000a2500000, 0x00000000a2500000, 0x00000000a2600000|  0%| F|  |TAMS 0x00000000a2500000| PB 0x00000000a2500000| Untracked |  0
| 500|0x00000000a2600000, 0x00000000a2600000, 0x00000000a2700000|  0%| F|  |TAMS 0x00000000a2600000| PB 0x00000000a2600000| Untracked |  0
| 501|0x00000000a2700000, 0x00000000a2700000, 0x00000000a2800000|  0%| F|  |TAMS 0x00000000a2700000| PB 0x00000000a2700000| Untracked |  0
| 502|0x00000000a2800000, 0x00000000a2800000, 0x00000000a2900000|  0%| F|  |TAMS 0x00000000a2800000| PB 0x00000000a2800000| Untracked |  0
| 503|0x00000000a2900000, 0x00000000a2900000, 0x00000000a2a00000|  0%| F|  |TAMS 0x00000000a2900000| PB 0x00000000a2900000| Untracked |  0
| 504|0x00000000a2a00000, 0x00000000a2a00000, 0x00000000a2b00000|  0%| F|  |TAMS 0x00000000a2a00000| PB 0x00000000a2a00000| Untracked |  0
| 505|0x00000000a2b00000, 0x00000000a2b00000, 0x00000000a2c00000|  0%| F|  |TAMS 0x00000000a2b00000| PB 0x00000000a2b00000| Untracked |  0
| 506|0x00000000a2c00000, 0x00000000a2c00000, 0x00000000a2d00000|  0%| F|  |TAMS 0x00000000a2c00000| PB 0x00000000a2c00000| Untracked |  0
| 507|0x00000000a2d00000, 0x00000000a2d00000, 0x00000000a2e00000|  0%| F|  |TAMS 0x00000000a2d00000| PB 0x00000000a2d00000| Untracked |  0
| 508|0x00000000a2e00000, 0x00000000a2e00000, 0x00000000a2f00000|  0%| F|  |TAMS 0x00000000a2e00000| PB 0x00000000a2e00000| Untracked |  0
| 509|0x00000000a2f00000, 0x00000000a2f00000, 0x00000000a3000000|  0%| F|  |TAMS 0x00000000a2f00000| PB 0x00000000a2f00000| Untracked |  0
| 510|0x00000000a3000000, 0x00000000a3000000, 0x00000000a3100000|  0%| F|  |TAMS 0x00000000a3000000| PB 0x00000000a3000000| Untracked |  0
| 511|0x00000000a3100000, 0x00000000a3100000, 0x00000000a3200000|  0%| F|  |TAMS 0x00000000a3100000| PB 0x00000000a3100000| Untracked |  0
| 512|0x00000000a3200000, 0x00000000a3200000, 0x00000000a3300000|  0%| F|  |TAMS 0x00000000a3200000| PB 0x00000000a3200000| Untracked |  0
| 513|0x00000000a3300000, 0x00000000a3300000, 0x00000000a3400000|  0%| F|  |TAMS 0x00000000a3300000| PB 0x00000000a3300000| Untracked |  0
| 514|0x00000000a3400000, 0x00000000a3400000, 0x00000000a3500000|  0%| F|  |TAMS 0x00000000a3400000| PB 0x00000000a3400000| Untracked |  0
| 515|0x00000000a3500000, 0x00000000a3500000, 0x00000000a3600000|  0%| F|  |TAMS 0x00000000a3500000| PB 0x00000000a3500000| Untracked |  0
| 516|0x00000000a3600000, 0x00000000a3600000, 0x00000000a3700000|  0%| F|  |TAMS 0x00000000a3600000| PB 0x00000000a3600000| Untracked |  0
| 517|0x00000000a3700000, 0x00000000a3700000, 0x00000000a3800000|  0%| F|  |TAMS 0x00000000a3700000| PB 0x00000000a3700000| Untracked |  0
| 518|0x00000000a3800000, 0x00000000a3800000, 0x00000000a3900000|  0%| F|  |TAMS 0x00000000a3800000| PB 0x00000000a3800000| Untracked |  0
| 519|0x00000000a3900000, 0x00000000a3900000, 0x00000000a3a00000|  0%| F|  |TAMS 0x00000000a3900000| PB 0x00000000a3900000| Untracked |  0
| 520|0x00000000a3a00000, 0x00000000a3a00000, 0x00000000a3b00000|  0%| F|  |TAMS 0x00000000a3a00000| PB 0x00000000a3a00000| Untracked |  0
| 521|0x00000000a3b00000, 0x00000000a3b00000, 0x00000000a3c00000|  0%| F|  |TAMS 0x00000000a3b00000| PB 0x00000000a3b00000| Untracked |  0
| 522|0x00000000a3c00000, 0x00000000a3c00000, 0x00000000a3d00000|  0%| F|  |TAMS 0x00000000a3c00000| PB 0x00000000a3c00000| Untracked |  0
| 523|0x00000000a3d00000, 0x00000000a3d00000, 0x00000000a3e00000|  0%| F|  |TAMS 0x00000000a3d00000| PB 0x00000000a3d00000| Untracked |  0
| 524|0x00000000a3e00000, 0x00000000a3e00000, 0x00000000a3f00000|  0%| F|  |TAMS 0x00000000a3e00000| PB 0x00000000a3e00000| Untracked |  0
| 525|0x00000000a3f00000, 0x00000000a3f00000, 0x00000000a4000000|  0%| F|  |TAMS 0x00000000a3f00000| PB 0x00000000a3f00000| Untracked |  0
| 526|0x00000000a4000000, 0x00000000a4000000, 0x00000000a4100000|  0%| F|  |TAMS 0x00000000a4000000| PB 0x00000000a4000000| Untracked |  0
| 527|0x00000000a4100000, 0x00000000a4100000, 0x00000000a4200000|  0%| F|  |TAMS 0x00000000a4100000| PB 0x00000000a4100000| Untracked |  0
| 528|0x00000000a4200000, 0x00000000a4200000, 0x00000000a4300000|  0%| F|  |TAMS 0x00000000a4200000| PB 0x00000000a4200000| Untracked |  0
| 529|0x00000000a4300000, 0x00000000a4300000, 0x00000000a4400000|  0%| F|  |TAMS 0x00000000a4300000| PB 0x00000000a4300000| Untracked |  0
| 530|0x00000000a4400000, 0x00000000a4400000, 0x00000000a4500000|  0%| F|  |TAMS 0x00000000a4400000| PB 0x00000000a4400000| Untracked |  0
| 531|0x00000000a4500000, 0x00000000a4500000, 0x00000000a4600000|  0%| F|  |TAMS 0x00000000a4500000| PB 0x00000000a4500000| Untracked |  0
| 532|0x00000000a4600000, 0x00000000a4600000, 0x00000000a4700000|  0%| F|  |TAMS 0x00000000a4600000| PB 0x00000000a4600000| Untracked |  0
| 533|0x00000000a4700000, 0x00000000a4700000, 0x00000000a4800000|  0%| F|  |TAMS 0x00000000a4700000| PB 0x00000000a4700000| Untracked |  0
| 534|0x00000000a4800000, 0x00000000a4800000, 0x00000000a4900000|  0%| F|  |TAMS 0x00000000a4800000| PB 0x00000000a4800000| Untracked |  0
| 535|0x00000000a4900000, 0x00000000a4900000, 0x00000000a4a00000|  0%| F|  |TAMS 0x00000000a4900000| PB 0x00000000a4900000| Untracked |  0
| 536|0x00000000a4a00000, 0x00000000a4a00000, 0x00000000a4b00000|  0%| F|  |TAMS 0x00000000a4a00000| PB 0x00000000a4a00000| Untracked |  0
| 537|0x00000000a4b00000, 0x00000000a4b00000, 0x00000000a4c00000|  0%| F|  |TAMS 0x00000000a4b00000| PB 0x00000000a4b00000| Untracked |  0
| 538|0x00000000a4c00000, 0x00000000a4c00000, 0x00000000a4d00000|  0%| F|  |TAMS 0x00000000a4c00000| PB 0x00000000a4c00000| Untracked |  0
| 539|0x00000000a4d00000, 0x00000000a4d00000, 0x00000000a4e00000|  0%| F|  |TAMS 0x00000000a4d00000| PB 0x00000000a4d00000| Untracked |  0
| 540|0x00000000a4e00000, 0x00000000a4e00000, 0x00000000a4f00000|  0%| F|  |TAMS 0x00000000a4e00000| PB 0x00000000a4e00000| Untracked |  0
| 541|0x00000000a4f00000, 0x00000000a4f00000, 0x00000000a5000000|  0%| F|  |TAMS 0x00000000a4f00000| PB 0x00000000a4f00000| Untracked |  0
| 542|0x00000000a5000000, 0x00000000a5000000, 0x00000000a5100000|  0%| F|  |TAMS 0x00000000a5000000| PB 0x00000000a5000000| Untracked |  0
| 543|0x00000000a5100000, 0x00000000a5100000, 0x00000000a5200000|  0%| F|  |TAMS 0x00000000a5100000| PB 0x00000000a5100000| Untracked |  0
| 544|0x00000000a5200000, 0x00000000a5200000, 0x00000000a5300000|  0%| F|  |TAMS 0x00000000a5200000| PB 0x00000000a5200000| Untracked |  0
| 545|0x00000000a5300000, 0x00000000a5300000, 0x00000000a5400000|  0%| F|  |TAMS 0x00000000a5300000| PB 0x00000000a5300000| Untracked |  0
| 546|0x00000000a5400000, 0x00000000a5400000, 0x00000000a5500000|  0%| F|  |TAMS 0x00000000a5400000| PB 0x00000000a5400000| Untracked |  0
| 547|0x00000000a5500000, 0x00000000a5500000, 0x00000000a5600000|  0%| F|  |TAMS 0x00000000a5500000| PB 0x00000000a5500000| Untracked |  0
| 548|0x00000000a5600000, 0x00000000a5600000, 0x00000000a5700000|  0%| F|  |TAMS 0x00000000a5600000| PB 0x00000000a5600000| Untracked |  0
| 549|0x00000000a5700000, 0x00000000a5700000, 0x00000000a5800000|  0%| F|  |TAMS 0x00000000a5700000| PB 0x00000000a5700000| Untracked |  0
| 550|0x00000000a5800000, 0x00000000a5800000, 0x00000000a5900000|  0%| F|  |TAMS 0x00000000a5800000| PB 0x00000000a5800000| Untracked |  0
| 551|0x00000000a5900000, 0x00000000a5900000, 0x00000000a5a00000|  0%| F|  |TAMS 0x00000000a5900000| PB 0x00000000a5900000| Untracked |  0
| 552|0x00000000a5a00000, 0x00000000a5a00000, 0x00000000a5b00000|  0%| F|  |TAMS 0x00000000a5a00000| PB 0x00000000a5a00000| Untracked |  0
| 553|0x00000000a5b00000, 0x00000000a5b00000, 0x00000000a5c00000|  0%| F|  |TAMS 0x00000000a5b00000| PB 0x00000000a5b00000| Untracked |  0
| 554|0x00000000a5c00000, 0x00000000a5c00000, 0x00000000a5d00000|  0%| F|  |TAMS 0x00000000a5c00000| PB 0x00000000a5c00000| Untracked |  0
| 555|0x00000000a5d00000, 0x00000000a5d00000, 0x00000000a5e00000|  0%| F|  |TAMS 0x00000000a5d00000| PB 0x00000000a5d00000| Untracked |  0
| 556|0x00000000a5e00000, 0x00000000a5e00000, 0x00000000a5f00000|  0%| F|  |TAMS 0x00000000a5e00000| PB 0x00000000a5e00000| Untracked |  0
| 557|0x00000000a5f00000, 0x00000000a5f00000, 0x00000000a6000000|  0%| F|  |TAMS 0x00000000a5f00000| PB 0x00000000a5f00000| Untracked |  0
| 558|0x00000000a6000000, 0x00000000a6000000, 0x00000000a6100000|  0%| F|  |TAMS 0x00000000a6000000| PB 0x00000000a6000000| Untracked |  0
| 559|0x00000000a6100000, 0x00000000a6100000, 0x00000000a6200000|  0%| F|  |TAMS 0x00000000a6100000| PB 0x00000000a6100000| Untracked |  0
| 560|0x00000000a6200000, 0x00000000a6200000, 0x00000000a6300000|  0%| F|  |TAMS 0x00000000a6200000| PB 0x00000000a6200000| Untracked |  0
| 561|0x00000000a6300000, 0x00000000a6300000, 0x00000000a6400000|  0%| F|  |TAMS 0x00000000a6300000| PB 0x00000000a6300000| Untracked |  0
| 562|0x00000000a6400000, 0x00000000a6400000, 0x00000000a6500000|  0%| F|  |TAMS 0x00000000a6400000| PB 0x00000000a6400000| Untracked |  0
| 563|0x00000000a6500000, 0x00000000a6500000, 0x00000000a6600000|  0%| F|  |TAMS 0x00000000a6500000| PB 0x00000000a6500000| Untracked |  0
| 564|0x00000000a6600000, 0x00000000a6600000, 0x00000000a6700000|  0%| F|  |TAMS 0x00000000a6600000| PB 0x00000000a6600000| Untracked |  0
| 565|0x00000000a6700000, 0x00000000a6700000, 0x00000000a6800000|  0%| F|  |TAMS 0x00000000a6700000| PB 0x00000000a6700000| Untracked |  0
| 566|0x00000000a6800000, 0x00000000a6800000, 0x00000000a6900000|  0%| F|  |TAMS 0x00000000a6800000| PB 0x00000000a6800000| Untracked |  0
| 567|0x00000000a6900000, 0x00000000a6900000, 0x00000000a6a00000|  0%| F|  |TAMS 0x00000000a6900000| PB 0x00000000a6900000| Untracked |  0
| 568|0x00000000a6a00000, 0x00000000a6a00000, 0x00000000a6b00000|  0%| F|  |TAMS 0x00000000a6a00000| PB 0x00000000a6a00000| Untracked |  0
| 569|0x00000000a6b00000, 0x00000000a6b00000, 0x00000000a6c00000|  0%| F|  |TAMS 0x00000000a6b00000| PB 0x00000000a6b00000| Untracked |  0
| 570|0x00000000a6c00000, 0x00000000a6c00000, 0x00000000a6d00000|  0%| F|  |TAMS 0x00000000a6c00000| PB 0x00000000a6c00000| Untracked |  0
| 571|0x00000000a6d00000, 0x00000000a6d00000, 0x00000000a6e00000|  0%| F|  |TAMS 0x00000000a6d00000| PB 0x00000000a6d00000| Untracked |  0
| 572|0x00000000a6e00000, 0x00000000a6e00000, 0x00000000a6f00000|  0%| F|  |TAMS 0x00000000a6e00000| PB 0x00000000a6e00000| Untracked |  0
| 573|0x00000000a6f00000, 0x00000000a6f00000, 0x00000000a7000000|  0%| F|  |TAMS 0x00000000a6f00000| PB 0x00000000a6f00000| Untracked |  0
| 574|0x00000000a7000000, 0x00000000a7000000, 0x00000000a7100000|  0%| F|  |TAMS 0x00000000a7000000| PB 0x00000000a7000000| Untracked |  0
| 575|0x00000000a7100000, 0x00000000a7100000, 0x00000000a7200000|  0%| F|  |TAMS 0x00000000a7100000| PB 0x00000000a7100000| Untracked |  0
| 576|0x00000000a7200000, 0x00000000a7200000, 0x00000000a7300000|  0%| F|  |TAMS 0x00000000a7200000| PB 0x00000000a7200000| Untracked |  0
| 577|0x00000000a7300000, 0x00000000a7300000, 0x00000000a7400000|  0%| F|  |TAMS 0x00000000a7300000| PB 0x00000000a7300000| Untracked |  0
| 578|0x00000000a7400000, 0x00000000a7400000, 0x00000000a7500000|  0%| F|  |TAMS 0x00000000a7400000| PB 0x00000000a7400000| Untracked |  0
| 579|0x00000000a7500000, 0x00000000a7500000, 0x00000000a7600000|  0%| F|  |TAMS 0x00000000a7500000| PB 0x00000000a7500000| Untracked |  0
| 580|0x00000000a7600000, 0x00000000a7600000, 0x00000000a7700000|  0%| F|  |TAMS 0x00000000a7600000| PB 0x00000000a7600000| Untracked |  0
| 581|0x00000000a7700000, 0x00000000a7700000, 0x00000000a7800000|  0%| F|  |TAMS 0x00000000a7700000| PB 0x00000000a7700000| Untracked |  0
| 582|0x00000000a7800000, 0x00000000a7800000, 0x00000000a7900000|  0%| F|  |TAMS 0x00000000a7800000| PB 0x00000000a7800000| Untracked |  0
| 583|0x00000000a7900000, 0x00000000a7900000, 0x00000000a7a00000|  0%| F|  |TAMS 0x00000000a7900000| PB 0x00000000a7900000| Untracked |  0
| 584|0x00000000a7a00000, 0x00000000a7a00000, 0x00000000a7b00000|  0%| F|  |TAMS 0x00000000a7a00000| PB 0x00000000a7a00000| Untracked |  0
| 585|0x00000000a7b00000, 0x00000000a7b00000, 0x00000000a7c00000|  0%| F|  |TAMS 0x00000000a7b00000| PB 0x00000000a7b00000| Untracked |  0
| 586|0x00000000a7c00000, 0x00000000a7c00000, 0x00000000a7d00000|  0%| F|  |TAMS 0x00000000a7c00000| PB 0x00000000a7c00000| Untracked |  0
| 587|0x00000000a7d00000, 0x00000000a7d00000, 0x00000000a7e00000|  0%| F|  |TAMS 0x00000000a7d00000| PB 0x00000000a7d00000| Untracked |  0
| 588|0x00000000a7e00000, 0x00000000a7e00000, 0x00000000a7f00000|  0%| F|  |TAMS 0x00000000a7e00000| PB 0x00000000a7e00000| Untracked |  0
| 589|0x00000000a7f00000, 0x00000000a7f00000, 0x00000000a8000000|  0%| F|  |TAMS 0x00000000a7f00000| PB 0x00000000a7f00000| Untracked |  0
| 590|0x00000000a8000000, 0x00000000a8000000, 0x00000000a8100000|  0%| F|  |TAMS 0x00000000a8000000| PB 0x00000000a8000000| Untracked |  0
| 591|0x00000000a8100000, 0x00000000a8100000, 0x00000000a8200000|  0%| F|  |TAMS 0x00000000a8100000| PB 0x00000000a8100000| Untracked |  0
| 592|0x00000000a8200000, 0x00000000a8200000, 0x00000000a8300000|  0%| F|  |TAMS 0x00000000a8200000| PB 0x00000000a8200000| Untracked |  0
| 593|0x00000000a8300000, 0x00000000a8300000, 0x00000000a8400000|  0%| F|  |TAMS 0x00000000a8300000| PB 0x00000000a8300000| Untracked |  0
| 594|0x00000000a8400000, 0x00000000a8400000, 0x00000000a8500000|  0%| F|  |TAMS 0x00000000a8400000| PB 0x00000000a8400000| Untracked |  0
| 595|0x00000000a8500000, 0x00000000a8500000, 0x00000000a8600000|  0%| F|  |TAMS 0x00000000a8500000| PB 0x00000000a8500000| Untracked |  0
| 596|0x00000000a8600000, 0x00000000a8600000, 0x00000000a8700000|  0%| F|  |TAMS 0x00000000a8600000| PB 0x00000000a8600000| Untracked |  0
| 597|0x00000000a8700000, 0x00000000a8700000, 0x00000000a8800000|  0%| F|  |TAMS 0x00000000a8700000| PB 0x00000000a8700000| Untracked |  0
| 598|0x00000000a8800000, 0x00000000a8800000, 0x00000000a8900000|  0%| F|  |TAMS 0x00000000a8800000| PB 0x00000000a8800000| Untracked |  0
| 599|0x00000000a8900000, 0x00000000a8900000, 0x00000000a8a00000|  0%| F|  |TAMS 0x00000000a8900000| PB 0x00000000a8900000| Untracked |  0
| 600|0x00000000a8a00000, 0x00000000a8a00000, 0x00000000a8b00000|  0%| F|  |TAMS 0x00000000a8a00000| PB 0x00000000a8a00000| Untracked |  0
| 601|0x00000000a8b00000, 0x00000000a8b00000, 0x00000000a8c00000|  0%| F|  |TAMS 0x00000000a8b00000| PB 0x00000000a8b00000| Untracked |  0
| 602|0x00000000a8c00000, 0x00000000a8c00000, 0x00000000a8d00000|  0%| F|  |TAMS 0x00000000a8c00000| PB 0x00000000a8c00000| Untracked |  0
| 603|0x00000000a8d00000, 0x00000000a8d00000, 0x00000000a8e00000|  0%| F|  |TAMS 0x00000000a8d00000| PB 0x00000000a8d00000| Untracked |  0
| 604|0x00000000a8e00000, 0x00000000a8e00000, 0x00000000a8f00000|  0%| F|  |TAMS 0x00000000a8e00000| PB 0x00000000a8e00000| Untracked |  0
| 605|0x00000000a8f00000, 0x00000000a8f00000, 0x00000000a9000000|  0%| F|  |TAMS 0x00000000a8f00000| PB 0x00000000a8f00000| Untracked |  0
| 606|0x00000000a9000000, 0x00000000a9000000, 0x00000000a9100000|  0%| F|  |TAMS 0x00000000a9000000| PB 0x00000000a9000000| Untracked |  0
| 607|0x00000000a9100000, 0x00000000a9100000, 0x00000000a9200000|  0%| F|  |TAMS 0x00000000a9100000| PB 0x00000000a9100000| Untracked |  0
| 608|0x00000000a9200000, 0x00000000a9200000, 0x00000000a9300000|  0%| F|  |TAMS 0x00000000a9200000| PB 0x00000000a9200000| Untracked |  0
| 609|0x00000000a9300000, 0x00000000a9300000, 0x00000000a9400000|  0%| F|  |TAMS 0x00000000a9300000| PB 0x00000000a9300000| Untracked |  0
| 610|0x00000000a9400000, 0x00000000a9400000, 0x00000000a9500000|  0%| F|  |TAMS 0x00000000a9400000| PB 0x00000000a9400000| Untracked |  0
| 611|0x00000000a9500000, 0x00000000a9500000, 0x00000000a9600000|  0%| F|  |TAMS 0x00000000a9500000| PB 0x00000000a9500000| Untracked |  0
| 612|0x00000000a9600000, 0x00000000a9600000, 0x00000000a9700000|  0%| F|  |TAMS 0x00000000a9600000| PB 0x00000000a9600000| Untracked |  0
| 613|0x00000000a9700000, 0x00000000a9700000, 0x00000000a9800000|  0%| F|  |TAMS 0x00000000a9700000| PB 0x00000000a9700000| Untracked |  0
| 614|0x00000000a9800000, 0x00000000a9800000, 0x00000000a9900000|  0%| F|  |TAMS 0x00000000a9800000| PB 0x00000000a9800000| Untracked |  0
| 615|0x00000000a9900000, 0x00000000a9900000, 0x00000000a9a00000|  0%| F|  |TAMS 0x00000000a9900000| PB 0x00000000a9900000| Untracked |  0
| 616|0x00000000a9a00000, 0x00000000a9a00000, 0x00000000a9b00000|  0%| F|  |TAMS 0x00000000a9a00000| PB 0x00000000a9a00000| Untracked |  0
| 617|0x00000000a9b00000, 0x00000000a9b00000, 0x00000000a9c00000|  0%| F|  |TAMS 0x00000000a9b00000| PB 0x00000000a9b00000| Untracked |  0
| 618|0x00000000a9c00000, 0x00000000a9c00000, 0x00000000a9d00000|  0%| F|  |TAMS 0x00000000a9c00000| PB 0x00000000a9c00000| Untracked |  0
| 619|0x00000000a9d00000, 0x00000000a9d00000, 0x00000000a9e00000|  0%| F|  |TAMS 0x00000000a9d00000| PB 0x00000000a9d00000| Untracked |  0
| 620|0x00000000a9e00000, 0x00000000a9e00000, 0x00000000a9f00000|  0%| F|  |TAMS 0x00000000a9e00000| PB 0x00000000a9e00000| Untracked |  0
| 621|0x00000000a9f00000, 0x00000000a9f00000, 0x00000000aa000000|  0%| F|  |TAMS 0x00000000a9f00000| PB 0x00000000a9f00000| Untracked |  0
| 622|0x00000000aa000000, 0x00000000aa000000, 0x00000000aa100000|  0%| F|  |TAMS 0x00000000aa000000| PB 0x00000000aa000000| Untracked |  0
| 623|0x00000000aa100000, 0x00000000aa100000, 0x00000000aa200000|  0%| F|  |TAMS 0x00000000aa100000| PB 0x00000000aa100000| Untracked |  0
| 624|0x00000000aa200000, 0x00000000aa200000, 0x00000000aa300000|  0%| F|  |TAMS 0x00000000aa200000| PB 0x00000000aa200000| Untracked |  0
| 625|0x00000000aa300000, 0x00000000aa300000, 0x00000000aa400000|  0%| F|  |TAMS 0x00000000aa300000| PB 0x00000000aa300000| Untracked |  0
| 626|0x00000000aa400000, 0x00000000aa400000, 0x00000000aa500000|  0%| F|  |TAMS 0x00000000aa400000| PB 0x00000000aa400000| Untracked |  0
| 627|0x00000000aa500000, 0x00000000aa500000, 0x00000000aa600000|  0%| F|  |TAMS 0x00000000aa500000| PB 0x00000000aa500000| Untracked |  0
| 628|0x00000000aa600000, 0x00000000aa600000, 0x00000000aa700000|  0%| F|  |TAMS 0x00000000aa600000| PB 0x00000000aa600000| Untracked |  0
| 629|0x00000000aa700000, 0x00000000aa700000, 0x00000000aa800000|  0%| F|  |TAMS 0x00000000aa700000| PB 0x00000000aa700000| Untracked |  0
| 630|0x00000000aa800000, 0x00000000aa800000, 0x00000000aa900000|  0%| F|  |TAMS 0x00000000aa800000| PB 0x00000000aa800000| Untracked |  0
| 631|0x00000000aa900000, 0x00000000aa900000, 0x00000000aaa00000|  0%| F|  |TAMS 0x00000000aa900000| PB 0x00000000aa900000| Untracked |  0
| 632|0x00000000aaa00000, 0x00000000aaa00000, 0x00000000aab00000|  0%| F|  |TAMS 0x00000000aaa00000| PB 0x00000000aaa00000| Untracked |  0
| 633|0x00000000aab00000, 0x00000000aab00000, 0x00000000aac00000|  0%| F|  |TAMS 0x00000000aab00000| PB 0x00000000aab00000| Untracked |  0
| 634|0x00000000aac00000, 0x00000000aac00000, 0x00000000aad00000|  0%| F|  |TAMS 0x00000000aac00000| PB 0x00000000aac00000| Untracked |  0
| 635|0x00000000aad00000, 0x00000000aad00000, 0x00000000aae00000|  0%| F|  |TAMS 0x00000000aad00000| PB 0x00000000aad00000| Untracked |  0
| 636|0x00000000aae00000, 0x00000000aae00000, 0x00000000aaf00000|  0%| F|  |TAMS 0x00000000aae00000| PB 0x00000000aae00000| Untracked |  0
| 637|0x00000000aaf00000, 0x00000000aaf00000, 0x00000000ab000000|  0%| F|  |TAMS 0x00000000aaf00000| PB 0x00000000aaf00000| Untracked |  0
| 638|0x00000000ab000000, 0x00000000ab000000, 0x00000000ab100000|  0%| F|  |TAMS 0x00000000ab000000| PB 0x00000000ab000000| Untracked |  0
| 639|0x00000000ab100000, 0x00000000ab100000, 0x00000000ab200000|  0%| F|  |TAMS 0x00000000ab100000| PB 0x00000000ab100000| Untracked |  0
| 640|0x00000000ab200000, 0x00000000ab200000, 0x00000000ab300000|  0%| F|  |TAMS 0x00000000ab200000| PB 0x00000000ab200000| Untracked |  0
| 641|0x00000000ab300000, 0x00000000ab300000, 0x00000000ab400000|  0%| F|  |TAMS 0x00000000ab300000| PB 0x00000000ab300000| Untracked |  0
| 642|0x00000000ab400000, 0x00000000ab400000, 0x00000000ab500000|  0%| F|  |TAMS 0x00000000ab400000| PB 0x00000000ab400000| Untracked |  0
| 643|0x00000000ab500000, 0x00000000ab500000, 0x00000000ab600000|  0%| F|  |TAMS 0x00000000ab500000| PB 0x00000000ab500000| Untracked |  0
| 644|0x00000000ab600000, 0x00000000ab600000, 0x00000000ab700000|  0%| F|  |TAMS 0x00000000ab600000| PB 0x00000000ab600000| Untracked |  0
| 645|0x00000000ab700000, 0x00000000ab700000, 0x00000000ab800000|  0%| F|  |TAMS 0x00000000ab700000| PB 0x00000000ab700000| Untracked |  0
| 646|0x00000000ab800000, 0x00000000ab800000, 0x00000000ab900000|  0%| F|  |TAMS 0x00000000ab800000| PB 0x00000000ab800000| Untracked |  0
| 647|0x00000000ab900000, 0x00000000ab900000, 0x00000000aba00000|  0%| F|  |TAMS 0x00000000ab900000| PB 0x00000000ab900000| Untracked |  0
| 648|0x00000000aba00000, 0x00000000aba00000, 0x00000000abb00000|  0%| F|  |TAMS 0x00000000aba00000| PB 0x00000000aba00000| Untracked |  0
| 649|0x00000000abb00000, 0x00000000abb00000, 0x00000000abc00000|  0%| F|  |TAMS 0x00000000abb00000| PB 0x00000000abb00000| Untracked |  0
| 650|0x00000000abc00000, 0x00000000abc00000, 0x00000000abd00000|  0%| F|  |TAMS 0x00000000abc00000| PB 0x00000000abc00000| Untracked |  0
| 651|0x00000000abd00000, 0x00000000abd00000, 0x00000000abe00000|  0%| F|  |TAMS 0x00000000abd00000| PB 0x00000000abd00000| Untracked |  0
| 652|0x00000000abe00000, 0x00000000abe00000, 0x00000000abf00000|  0%| F|  |TAMS 0x00000000abe00000| PB 0x00000000abe00000| Untracked |  0
| 653|0x00000000abf00000, 0x00000000abf00000, 0x00000000ac000000|  0%| F|  |TAMS 0x00000000abf00000| PB 0x00000000abf00000| Untracked |  0
| 654|0x00000000ac000000, 0x00000000ac000000, 0x00000000ac100000|  0%| F|  |TAMS 0x00000000ac000000| PB 0x00000000ac000000| Untracked |  0
| 655|0x00000000ac100000, 0x00000000ac100000, 0x00000000ac200000|  0%| F|  |TAMS 0x00000000ac100000| PB 0x00000000ac100000| Untracked |  0
| 656|0x00000000ac200000, 0x00000000ac200000, 0x00000000ac300000|  0%| F|  |TAMS 0x00000000ac200000| PB 0x00000000ac200000| Untracked |  0
| 657|0x00000000ac300000, 0x00000000ac300000, 0x00000000ac400000|  0%| F|  |TAMS 0x00000000ac300000| PB 0x00000000ac300000| Untracked |  0
| 658|0x00000000ac400000, 0x00000000ac400000, 0x00000000ac500000|  0%| F|  |TAMS 0x00000000ac400000| PB 0x00000000ac400000| Untracked |  0
| 659|0x00000000ac500000, 0x00000000ac500000, 0x00000000ac600000|  0%| F|  |TAMS 0x00000000ac500000| PB 0x00000000ac500000| Untracked |  0
| 660|0x00000000ac600000, 0x00000000ac600000, 0x00000000ac700000|  0%| F|  |TAMS 0x00000000ac600000| PB 0x00000000ac600000| Untracked |  0
| 661|0x00000000ac700000, 0x00000000ac700000, 0x00000000ac800000|  0%| F|  |TAMS 0x00000000ac700000| PB 0x00000000ac700000| Untracked |  0
| 662|0x00000000ac800000, 0x00000000ac800000, 0x00000000ac900000|  0%| F|  |TAMS 0x00000000ac800000| PB 0x00000000ac800000| Untracked |  0
| 663|0x00000000ac900000, 0x00000000ac900000, 0x00000000aca00000|  0%| F|  |TAMS 0x00000000ac900000| PB 0x00000000ac900000| Untracked |  0
| 664|0x00000000aca00000, 0x00000000aca00000, 0x00000000acb00000|  0%| F|  |TAMS 0x00000000aca00000| PB 0x00000000aca00000| Untracked |  0
| 665|0x00000000acb00000, 0x00000000acb00000, 0x00000000acc00000|  0%| F|  |TAMS 0x00000000acb00000| PB 0x00000000acb00000| Untracked |  0
| 666|0x00000000acc00000, 0x00000000acc00000, 0x00000000acd00000|  0%| F|  |TAMS 0x00000000acc00000| PB 0x00000000acc00000| Untracked |  0
| 667|0x00000000acd00000, 0x00000000acd00000, 0x00000000ace00000|  0%| F|  |TAMS 0x00000000acd00000| PB 0x00000000acd00000| Untracked |  0
| 668|0x00000000ace00000, 0x00000000ace00000, 0x00000000acf00000|  0%| F|  |TAMS 0x00000000ace00000| PB 0x00000000ace00000| Untracked |  0
| 669|0x00000000acf00000, 0x00000000acf00000, 0x00000000ad000000|  0%| F|  |TAMS 0x00000000acf00000| PB 0x00000000acf00000| Untracked |  0
| 670|0x00000000ad000000, 0x00000000ad000000, 0x00000000ad100000|  0%| F|  |TAMS 0x00000000ad000000| PB 0x00000000ad000000| Untracked |  0
| 671|0x00000000ad100000, 0x00000000ad100000, 0x00000000ad200000|  0%| F|  |TAMS 0x00000000ad100000| PB 0x00000000ad100000| Untracked |  0
| 672|0x00000000ad200000, 0x00000000ad200000, 0x00000000ad300000|  0%| F|  |TAMS 0x00000000ad200000| PB 0x00000000ad200000| Untracked |  0
| 673|0x00000000ad300000, 0x00000000ad300000, 0x00000000ad400000|  0%| F|  |TAMS 0x00000000ad300000| PB 0x00000000ad300000| Untracked |  0
| 674|0x00000000ad400000, 0x00000000ad400000, 0x00000000ad500000|  0%| F|  |TAMS 0x00000000ad400000| PB 0x00000000ad400000| Untracked |  0
| 675|0x00000000ad500000, 0x00000000ad500000, 0x00000000ad600000|  0%| F|  |TAMS 0x00000000ad500000| PB 0x00000000ad500000| Untracked |  0
| 676|0x00000000ad600000, 0x00000000ad600000, 0x00000000ad700000|  0%| F|  |TAMS 0x00000000ad600000| PB 0x00000000ad600000| Untracked |  0
| 677|0x00000000ad700000, 0x00000000ad700000, 0x00000000ad800000|  0%| F|  |TAMS 0x00000000ad700000| PB 0x00000000ad700000| Untracked |  0
| 678|0x00000000ad800000, 0x00000000ad800000, 0x00000000ad900000|  0%| F|  |TAMS 0x00000000ad800000| PB 0x00000000ad800000| Untracked |  0
| 679|0x00000000ad900000, 0x00000000ad900000, 0x00000000ada00000|  0%| F|  |TAMS 0x00000000ad900000| PB 0x00000000ad900000| Untracked |  0
| 680|0x00000000ada00000, 0x00000000ada00000, 0x00000000adb00000|  0%| F|  |TAMS 0x00000000ada00000| PB 0x00000000ada00000| Untracked |  0
| 681|0x00000000adb00000, 0x00000000adb00000, 0x00000000adc00000|  0%| F|  |TAMS 0x00000000adb00000| PB 0x00000000adb00000| Untracked |  0
| 682|0x00000000adc00000, 0x00000000adc00000, 0x00000000add00000|  0%| F|  |TAMS 0x00000000adc00000| PB 0x00000000adc00000| Untracked |  0
| 683|0x00000000add00000, 0x00000000add00000, 0x00000000ade00000|  0%| F|  |TAMS 0x00000000add00000| PB 0x00000000add00000| Untracked |  0
| 684|0x00000000ade00000, 0x00000000ade00000, 0x00000000adf00000|  0%| F|  |TAMS 0x00000000ade00000| PB 0x00000000ade00000| Untracked |  0
| 685|0x00000000adf00000, 0x00000000adf00000, 0x00000000ae000000|  0%| F|  |TAMS 0x00000000adf00000| PB 0x00000000adf00000| Untracked |  0
| 686|0x00000000ae000000, 0x00000000ae000000, 0x00000000ae100000|  0%| F|  |TAMS 0x00000000ae000000| PB 0x00000000ae000000| Untracked |  0
| 687|0x00000000ae100000, 0x00000000ae100000, 0x00000000ae200000|  0%| F|  |TAMS 0x00000000ae100000| PB 0x00000000ae100000| Untracked |  0
| 688|0x00000000ae200000, 0x00000000ae200000, 0x00000000ae300000|  0%| F|  |TAMS 0x00000000ae200000| PB 0x00000000ae200000| Untracked |  0
| 689|0x00000000ae300000, 0x00000000ae300000, 0x00000000ae400000|  0%| F|  |TAMS 0x00000000ae300000| PB 0x00000000ae300000| Untracked |  0
| 690|0x00000000ae400000, 0x00000000ae400000, 0x00000000ae500000|  0%| F|  |TAMS 0x00000000ae400000| PB 0x00000000ae400000| Untracked |  0
| 691|0x00000000ae500000, 0x00000000ae500000, 0x00000000ae600000|  0%| F|  |TAMS 0x00000000ae500000| PB 0x00000000ae500000| Untracked |  0
| 692|0x00000000ae600000, 0x00000000ae600000, 0x00000000ae700000|  0%| F|  |TAMS 0x00000000ae600000| PB 0x00000000ae600000| Untracked |  0
| 693|0x00000000ae700000, 0x00000000ae700000, 0x00000000ae800000|  0%| F|  |TAMS 0x00000000ae700000| PB 0x00000000ae700000| Untracked |  0
| 694|0x00000000ae800000, 0x00000000ae800000, 0x00000000ae900000|  0%| F|  |TAMS 0x00000000ae800000| PB 0x00000000ae800000| Untracked |  0
| 695|0x00000000ae900000, 0x00000000ae900000, 0x00000000aea00000|  0%| F|  |TAMS 0x00000000ae900000| PB 0x00000000ae900000| Untracked |  0
| 696|0x00000000aea00000, 0x00000000aea00000, 0x00000000aeb00000|  0%| F|  |TAMS 0x00000000aea00000| PB 0x00000000aea00000| Untracked |  0
| 697|0x00000000aeb00000, 0x00000000aeb00000, 0x00000000aec00000|  0%| F|  |TAMS 0x00000000aeb00000| PB 0x00000000aeb00000| Untracked |  0
| 698|0x00000000aec00000, 0x00000000aec00000, 0x00000000aed00000|  0%| F|  |TAMS 0x00000000aec00000| PB 0x00000000aec00000| Untracked |  0
| 699|0x00000000aed00000, 0x00000000aed00000, 0x00000000aee00000|  0%| F|  |TAMS 0x00000000aed00000| PB 0x00000000aed00000| Untracked |  0
| 700|0x00000000aee00000, 0x00000000aee00000, 0x00000000aef00000|  0%| F|  |TAMS 0x00000000aee00000| PB 0x00000000aee00000| Untracked |  0
| 701|0x00000000aef00000, 0x00000000aef00000, 0x00000000af000000|  0%| F|  |TAMS 0x00000000aef00000| PB 0x00000000aef00000| Untracked |  0
| 702|0x00000000af000000, 0x00000000af000000, 0x00000000af100000|  0%| F|  |TAMS 0x00000000af000000| PB 0x00000000af000000| Untracked |  0
| 703|0x00000000af100000, 0x00000000af100000, 0x00000000af200000|  0%| F|  |TAMS 0x00000000af100000| PB 0x00000000af100000| Untracked |  0
| 704|0x00000000af200000, 0x00000000af200000, 0x00000000af300000|  0%| F|  |TAMS 0x00000000af200000| PB 0x00000000af200000| Untracked |  0
| 705|0x00000000af300000, 0x00000000af300000, 0x00000000af400000|  0%| F|  |TAMS 0x00000000af300000| PB 0x00000000af300000| Untracked |  0
| 706|0x00000000af400000, 0x00000000af400000, 0x00000000af500000|  0%| F|  |TAMS 0x00000000af400000| PB 0x00000000af400000| Untracked |  0
| 707|0x00000000af500000, 0x00000000af500000, 0x00000000af600000|  0%| F|  |TAMS 0x00000000af500000| PB 0x00000000af500000| Untracked |  0
| 708|0x00000000af600000, 0x00000000af600000, 0x00000000af700000|  0%| F|  |TAMS 0x00000000af600000| PB 0x00000000af600000| Untracked |  0
| 709|0x00000000af700000, 0x00000000af700000, 0x00000000af800000|  0%| F|  |TAMS 0x00000000af700000| PB 0x00000000af700000| Untracked |  0
| 710|0x00000000af800000, 0x00000000af800000, 0x00000000af900000|  0%| F|  |TAMS 0x00000000af800000| PB 0x00000000af800000| Untracked |  0
| 711|0x00000000af900000, 0x00000000af900000, 0x00000000afa00000|  0%| F|  |TAMS 0x00000000af900000| PB 0x00000000af900000| Untracked |  0
| 712|0x00000000afa00000, 0x00000000afa00000, 0x00000000afb00000|  0%| F|  |TAMS 0x00000000afa00000| PB 0x00000000afa00000| Untracked |  0
| 713|0x00000000afb00000, 0x00000000afb00000, 0x00000000afc00000|  0%| F|  |TAMS 0x00000000afb00000| PB 0x00000000afb00000| Untracked |  0
| 714|0x00000000afc00000, 0x00000000afc00000, 0x00000000afd00000|  0%| F|  |TAMS 0x00000000afc00000| PB 0x00000000afc00000| Untracked |  0
| 715|0x00000000afd00000, 0x00000000afd00000, 0x00000000afe00000|  0%| F|  |TAMS 0x00000000afd00000| PB 0x00000000afd00000| Untracked |  0
| 716|0x00000000afe00000, 0x00000000afe00000, 0x00000000aff00000|  0%| F|  |TAMS 0x00000000afe00000| PB 0x00000000afe00000| Untracked |  0
| 717|0x00000000aff00000, 0x00000000aff00000, 0x00000000b0000000|  0%| F|  |TAMS 0x00000000aff00000| PB 0x00000000aff00000| Untracked |  0
| 718|0x00000000b0000000, 0x00000000b0000000, 0x00000000b0100000|  0%| F|  |TAMS 0x00000000b0000000| PB 0x00000000b0000000| Untracked |  0
| 719|0x00000000b0100000, 0x00000000b0181950, 0x00000000b0200000| 50%| S|CS|TAMS 0x00000000b0100000| PB 0x00000000b0100000| Complete |  0
| 720|0x00000000b0200000, 0x00000000b0300000, 0x00000000b0300000|100%| S|CS|TAMS 0x00000000b0200000| PB 0x00000000b0200000| Complete |  0
| 721|0x00000000b0300000, 0x00000000b0400000, 0x00000000b0400000|100%| S|CS|TAMS 0x00000000b0300000| PB 0x00000000b0300000| Complete |  0
| 722|0x00000000b0400000, 0x00000000b0500000, 0x00000000b0500000|100%| S|CS|TAMS 0x00000000b0400000| PB 0x00000000b0400000| Complete |  0
| 723|0x00000000b0500000, 0x00000000b0500000, 0x00000000b0600000|  0%| F|  |TAMS 0x00000000b0500000| PB 0x00000000b0500000| Untracked |  0
| 724|0x00000000b0600000, 0x00000000b0600000, 0x00000000b0700000|  0%| F|  |TAMS 0x00000000b0600000| PB 0x00000000b0600000| Untracked |  0
| 725|0x00000000b0700000, 0x00000000b0700000, 0x00000000b0800000|  0%| F|  |TAMS 0x00000000b0700000| PB 0x00000000b0700000| Untracked |  0
| 726|0x00000000b0800000, 0x00000000b0800000, 0x00000000b0900000|  0%| F|  |TAMS 0x00000000b0800000| PB 0x00000000b0800000| Untracked |  0
| 727|0x00000000b0900000, 0x00000000b0900000, 0x00000000b0a00000|  0%| F|  |TAMS 0x00000000b0900000| PB 0x00000000b0900000| Untracked |  0
| 728|0x00000000b0a00000, 0x00000000b0a00000, 0x00000000b0b00000|  0%| F|  |TAMS 0x00000000b0a00000| PB 0x00000000b0a00000| Untracked |  0
| 729|0x00000000b0b00000, 0x00000000b0b00000, 0x00000000b0c00000|  0%| F|  |TAMS 0x00000000b0b00000| PB 0x00000000b0b00000| Untracked |  0
| 730|0x00000000b0c00000, 0x00000000b0c00000, 0x00000000b0d00000|  0%| F|  |TAMS 0x00000000b0c00000| PB 0x00000000b0c00000| Untracked |  0
| 731|0x00000000b0d00000, 0x00000000b0d00000, 0x00000000b0e00000|  0%| F|  |TAMS 0x00000000b0d00000| PB 0x00000000b0d00000| Untracked |  0
| 732|0x00000000b0e00000, 0x00000000b0e00000, 0x00000000b0f00000|  0%| F|  |TAMS 0x00000000b0e00000| PB 0x00000000b0e00000| Untracked |  0
| 733|0x00000000b0f00000, 0x00000000b0f00000, 0x00000000b1000000|  0%| F|  |TAMS 0x00000000b0f00000| PB 0x00000000b0f00000| Untracked |  0
| 734|0x00000000b1000000, 0x00000000b1000000, 0x00000000b1100000|  0%| F|  |TAMS 0x00000000b1000000| PB 0x00000000b1000000| Untracked |  0
| 735|0x00000000b1100000, 0x00000000b1100000, 0x00000000b1200000|  0%| F|  |TAMS 0x00000000b1100000| PB 0x00000000b1100000| Untracked |  0
| 736|0x00000000b1200000, 0x00000000b1200000, 0x00000000b1300000|  0%| F|  |TAMS 0x00000000b1200000| PB 0x00000000b1200000| Untracked |  0
| 737|0x00000000b1300000, 0x00000000b1300000, 0x00000000b1400000|  0%| F|  |TAMS 0x00000000b1300000| PB 0x00000000b1300000| Untracked |  0
| 738|0x00000000b1400000, 0x00000000b1400000, 0x00000000b1500000|  0%| F|  |TAMS 0x00000000b1400000| PB 0x00000000b1400000| Untracked |  0
| 739|0x00000000b1500000, 0x00000000b1500000, 0x00000000b1600000|  0%| F|  |TAMS 0x00000000b1500000| PB 0x00000000b1500000| Untracked |  0
| 740|0x00000000b1600000, 0x00000000b1600000, 0x00000000b1700000|  0%| F|  |TAMS 0x00000000b1600000| PB 0x00000000b1600000| Untracked |  0
| 741|0x00000000b1700000, 0x00000000b1700000, 0x00000000b1800000|  0%| F|  |TAMS 0x00000000b1700000| PB 0x00000000b1700000| Untracked |  0
| 742|0x00000000b1800000, 0x00000000b1800000, 0x00000000b1900000|  0%| F|  |TAMS 0x00000000b1800000| PB 0x00000000b1800000| Untracked |  0
| 743|0x00000000b1900000, 0x00000000b1900000, 0x00000000b1a00000|  0%| F|  |TAMS 0x00000000b1900000| PB 0x00000000b1900000| Untracked |  0
| 744|0x00000000b1a00000, 0x00000000b1a90f60, 0x00000000b1b00000| 56%| E|  |TAMS 0x00000000b1a00000| PB 0x00000000b1a00000| Complete |  0
|1989|0x00000000ff700000, 0x00000000ff800000, 0x00000000ff800000|100%| O|  |TAMS 0x00000000ff700000| PB 0x00000000ff700000| Untracked |  0
|1990|0x00000000ff800000, 0x00000000ff900000, 0x00000000ff900000|100%| O|  |TAMS 0x00000000ff800000| PB 0x00000000ff800000| Untracked |  0
|1991|0x00000000ff900000, 0x00000000ffa00000, 0x00000000ffa00000|100%| O|  |TAMS 0x00000000ff900000| PB 0x00000000ff900000| Untracked |  0
|1992|0x00000000ffa00000, 0x00000000ffb00000, 0x00000000ffb00000|100%| O|  |TAMS 0x00000000ffa00000| PB 0x00000000ffa00000| Untracked |  0
|1993|0x00000000ffb00000, 0x00000000ffc00000, 0x00000000ffc00000|100%| O|  |TAMS 0x00000000ffb00000| PB 0x00000000ffb00000| Untracked |  0
|1994|0x00000000ffc00000, 0x00000000ffd00000, 0x00000000ffd00000|100%| O|  |TAMS 0x00000000ffc00000| PB 0x00000000ffc00000| Untracked |  0
|1995|0x00000000ffd00000, 0x00000000ffe00000, 0x00000000ffe00000|100%| O|  |TAMS 0x00000000ffd00000| PB 0x00000000ffd00000| Untracked |  0
|1996|0x00000000ffe00000, 0x00000000fff00000, 0x00000000fff00000|100%| O|  |TAMS 0x00000000ffe00000| PB 0x00000000ffe00000| Untracked |  0
|1997|0x00000000fff00000, 0x0000000100000000, 0x0000000100000000|100%| E|CS|TAMS 0x00000000fff00000| PB 0x00000000fff00000| Complete |  0

Card table byte_map: [0x00000180681b0000,0x00000180685a0000] _byte_map_base: 0x0000018067d97000

Marking Bits: (CMBitMap*) 0x000001805025a230
 Bits: [0x00000180685a0000, 0x000001806a4d8000)

Polling page: 0x000001804e070000

Metaspace:
Metaspace        used 24235K, committed 24512K, reserved 1114112K
 class space     used 3502K, committed 3648K, reserved 1048576K

Usage:
  Non-class:     20.25 MB used.
      Class:      3.42 MB used.
       Both:     23.67 MB used.

Virtual space:
  Non-class space:       64.00 MB reserved,      20.38 MB ( 32%) committed,  1 nodes.
      Class space:        1.00 GB reserved,       3.56 MB ( <1%) committed,  1 nodes.
             Both:        1.06 GB reserved,      23.94 MB (  2%) committed. 

Chunk freelists:
   Non-Class:  10.69 MB
       Class:  12.28 MB
        Both:  22.96 MB

MaxMetaspaceSize: unlimited
CompressedClassSpaceSize: 1.00 GB
Initial GC threshold: 21.00 MB
Current GC threshold: 39.81 MB
CDS: on
 - commit_granule_bytes: 65536.
 - commit_granule_words: 8192.
 - virtual_space_node_default_size: 8388608.
 - enlarge_chunks_in_place: 1.
UseCompressedClassPointers 1, UseCompactObjectHeaders 0
Narrow klass pointer bits 32, Max shift 3
Narrow klass base: 0x0000000035000000, Narrow klass shift: 0
Encoding Range: [0x0000000035000000 - 0x0000000135000000), (4294967296 bytes)
Klass Range:    [0x0000000035010000 - 0x0000000076000000), (1090453504 bytes)
Klass ID Range:  [65536 - 1090519033) (1090453497)
Protection zone: [0x0000000035000000 - 0x0000000035010000), (65536 bytes)


Internal statistics:

num_allocs_failed_limit: 0.
num_arena_births: 342.
num_arena_deaths: 0.
num_vsnodes_births: 2.
num_vsnodes_deaths: 0.
num_space_committed: 383.
num_space_uncommitted: 0.
num_chunks_returned_to_freelist: 0.
num_chunks_taken_from_freelist: 1189.
num_chunk_merges: 0.
num_chunk_splits: 785.
num_chunks_enlarged: 592.
num_inconsistent_stats: 0.

CodeHeap 'non-profiled nmethods': size=120064Kb used=4066Kb max_used=4066Kb free=115997Kb
 bounds [0x0000018060550000, 0x0000018060950000, 0x0000018067a90000]
CodeHeap 'profiled nmethods': size=120000Kb used=12092Kb max_used=12427Kb free=107907Kb
 bounds [0x0000018058a90000, 0x0000018059710000, 0x000001805ffc0000]
CodeHeap 'non-nmethods': size=5696Kb used=2014Kb max_used=2171Kb free=3681Kb
 bounds [0x000001805ffc0000, 0x0000018060230000, 0x0000018060550000]
CodeCache: size=245760Kb, used=18172Kb, max_used=18664Kb, free=227585Kb
 total_blobs=8479, nmethods=7571, adapters=808, full_count=0
Compilation: enabled, stopped_count=0, restarted_count=0

Compilation events (20 events):
Event: 400.073 Thread 0x000001806cedb2d0 9013       3       com.sun.javafx.scene.layout.region.Margins$SequenceConverter::convert (7 bytes)
Event: 400.073 Thread 0x000001806cedb2d0 nmethod 9013 0x0000018058e54608 code [0x0000018058e54700, 0x0000018058e548b8]
Event: 400.073 Thread 0x000001806cece6a0 nmethod 9015 0x0000018060947a08 code [0x0000018060947b00, 0x0000018060947be0]
Event: 400.074 Thread 0x000001806cedb2d0 9016       3       javafx.scene.layout.StackPane$StyleableProperties$1::isSettable (9 bytes)
Event: 400.075 Thread 0x000001806cedb2d0 nmethod 9016 0x0000018059122908 code [0x0000018059122a00, 0x0000018059122df8]
Event: 400.075 Thread 0x000001806cedb2d0 9017       3       javafx.scene.layout.StackPane$StyleableProperties$1::isSettable (23 bytes)
Event: 400.075 Thread 0x000001806cedb2d0 nmethod 9017 0x0000018059122488 code [0x0000018059122580, 0x0000018059122840]
Event: 400.075 Thread 0x000001806cedb2d0 9018       3       com.sun.scenario.effect.BoxShadow::setSpread (9 bytes)
Event: 400.075 Thread 0x000001806cedb2d0 nmethod 9018 0x0000018058e91008 code [0x0000018058e91120, 0x0000018058e91418]
Event: 400.075 Thread 0x000001806cedb2d0 9019       3       com.sun.scenario.effect.impl.state.BoxShadowState::setSpread (28 bytes)
Event: 400.075 Thread 0x000001806cedb2d0 nmethod 9019 0x0000018058e90a08 code [0x0000018058e90b20, 0x0000018058e90da0]
Event: 400.079 Thread 0x000001806cece6a0 9020       4       com.sun.javafx.image.impl.BaseByteToByteConverter::convert (120 bytes)
Event: 400.083 Thread 0x000001806cece6a0 nmethod 9020 0x0000018060947d08 code [0x0000018060947e00, 0x00000180609482d0]
Event: 400.248 Thread 0x000001806cedb2d0 9021       3       java.time.Clock::currentInstant (84 bytes)
Event: 400.249 Thread 0x000001806cedb2d0 nmethod 9021 0x0000018058c94008 code [0x0000018058c94100, 0x0000018058c94bd0]
Event: 401.079 Thread 0x000001806cedb2d0 9022       3       java.util.concurrent.CopyOnWriteArraySet::<init> (16 bytes)
Event: 401.080 Thread 0x000001806cedb2d0 nmethod 9022 0x0000018058c93908 code [0x0000018058c93a00, 0x0000018058c93fa0]
Event: 401.080 Thread 0x000001806cece6a0 9023       4       javafx.scene.Node$FocusPropertyBase::notifyListeners (77 bytes)
Event: 401.085 Thread 0x000001806cece6a0 nmethod 9023 0x0000018060948308 code [0x0000018060948400, 0x0000018060948898]
Event: 401.085 Thread 0x000001806cece6a0 9024       4       java.util.AbstractList::listIterator (6 bytes)

GC Heap Usage History (20 events):
Event: 215.918 {heap Before GC invocations=3 (full 0):
 garbage-first heap   total reserved 2045952K, committed 175104K, used 173109K [0x0000000083200000, 0x0000000100000000)
  region size 1024K, 26 young (26624K), 6 survivors (6144K)
}
Event: 215.925 {heap After GC invocations=4 (full 0):
 garbage-first heap   total reserved 2045952K, committed 184320K, used 155560K [0x0000000083200000, 0x0000000100000000)
  region size 1024K, 4 young (4096K), 4 survivors (4096K)
}
Event: 229.916 {heap Before GC invocations=4 (full 0):
 garbage-first heap   total reserved 2045952K, committed 184320K, used 170920K [0x0000000083200000, 0x0000000100000000)
  region size 1024K, 19 young (19456K), 4 survivors (4096K)
}
Event: 229.922 {heap After GC invocations=5 (full 0):
 garbage-first heap   total reserved 2045952K, committed 184320K, used 156449K [0x0000000083200000, 0x0000000100000000)
  region size 1024K, 1 young (1024K), 1 survivors (1024K)
}
Event: 235.281 {heap Before GC invocations=5 (full 0):
 garbage-first heap   total reserved 2045952K, committed 184320K, used 171809K [0x0000000083200000, 0x0000000100000000)
  region size 1024K, 17 young (17408K), 1 survivors (1024K)
}
Event: 235.284 {heap After GC invocations=6 (full 0):
 garbage-first heap   total reserved 2045952K, committed 184320K, used 156734K [0x0000000083200000, 0x0000000100000000)
  region size 1024K, 2 young (2048K), 2 survivors (2048K)
}
Event: 261.126 {heap Before GC invocations=7 (full 0):
 garbage-first heap   total reserved 2045952K, committed 288768K, used 248894K [0x0000000083200000, 0x0000000100000000)
  region size 1024K, 19 young (19456K), 2 survivors (2048K)
}
Event: 261.131 {heap After GC invocations=8 (full 0):
 garbage-first heap   total reserved 2045952K, committed 288768K, used 233277K [0x0000000083200000, 0x0000000100000000)
  region size 1024K, 3 young (3072K), 3 survivors (3072K)
}
Event: 340.183 {heap Before GC invocations=8 (full 0):
 garbage-first heap   total reserved 2045952K, committed 294912K, used 294717K [0x0000000083200000, 0x0000000100000000)
  region size 1024K, 19 young (19456K), 3 survivors (3072K)
}
Event: 340.190 {heap After GC invocations=9 (full 0):
 garbage-first heap   total reserved 2045952K, committed 302080K, used 280181K [0x0000000083200000, 0x0000000100000000)
  region size 1024K, 5 young (5120K), 5 survivors (5120K)
}
Event: 358.441 {heap Before GC invocations=9 (full 0):
 garbage-first heap   total reserved 2045952K, committed 302080K, used 292469K [0x0000000083200000, 0x0000000100000000)
  region size 1024K, 18 young (18432K), 5 survivors (5120K)
}
Event: 358.449 {heap After GC invocations=10 (full 0):
 garbage-first heap   total reserved 2045952K, committed 302080K, used 281751K [0x0000000083200000, 0x0000000100000000)
  region size 1024K, 2 young (2048K), 2 survivors (2048K)
}
Event: 365.403 {heap Before GC invocations=11 (full 0):
 garbage-first heap   total reserved 2045952K, committed 501760K, used 376983K [0x0000000083200000, 0x0000000100000000)
  region size 1024K, 15 young (15360K), 2 survivors (2048K)
}
Event: 365.407 {heap After GC invocations=12 (full 0):
 garbage-first heap   total reserved 2045952K, committed 501760K, used 365732K [0x0000000083200000, 0x0000000100000000)
  region size 1024K, 2 young (2048K), 2 survivors (2048K)
}
Event: 386.667 {heap Before GC invocations=12 (full 0):
 garbage-first heap   total reserved 2045952K, committed 503808K, used 502948K [0x0000000083200000, 0x0000000100000000)
  region size 1024K, 41 young (41984K), 2 survivors (2048K)
}
Event: 386.674 {heap After GC invocations=13 (full 0):
 garbage-first heap   total reserved 2045952K, committed 509952K, used 466244K [0x0000000083200000, 0x0000000100000000)
  region size 1024K, 6 young (6144K), 6 survivors (6144K)
}
Event: 388.433 {heap Before GC invocations=13 (full 0):
 garbage-first heap   total reserved 2045952K, committed 509952K, used 469316K [0x0000000083200000, 0x0000000100000000)
  region size 1024K, 10 young (10240K), 6 survivors (6144K)
}
Event: 388.440 {heap After GC invocations=14 (full 0):
 garbage-first heap   total reserved 2045952K, committed 509952K, used 466409K [0x0000000083200000, 0x0000000100000000)
  region size 1024K, 1 young (1024K), 1 survivors (1024K)
}
Event: 398.343 {heap Before GC invocations=15 (full 0):
 garbage-first heap   total reserved 2045952K, committed 772096K, used 527849K [0x0000000083200000, 0x0000000100000000)
  region size 1024K, 25 young (25600K), 1 survivors (1024K)
}
Event: 398.348 {heap After GC invocations=16 (full 0):
 garbage-first heap   total reserved 2045952K, committed 772096K, used 505839K [0x0000000083200000, 0x0000000100000000)
  region size 1024K, 4 young (4096K), 4 survivors (4096K)
}

Metaspace Usage History (20 events):
Event: 215.918 {metaspace Before GC invocations=3 (full 0):
 Metaspace       used 21761K, committed 22080K, reserved 1114112K
  class space    used 3321K, committed 3456K, reserved 1048576K
}
Event: 215.925 {metaspace After GC invocations=4 (full 0):
 Metaspace       used 21761K, committed 22080K, reserved 1114112K
  class space    used 3321K, committed 3456K, reserved 1048576K
}
Event: 229.916 {metaspace Before GC invocations=4 (full 0):
 Metaspace       used 22598K, committed 22912K, reserved 1114112K
  class space    used 3422K, committed 3584K, reserved 1048576K
}
Event: 229.922 {metaspace After GC invocations=5 (full 0):
 Metaspace       used 22598K, committed 22912K, reserved 1114112K
  class space    used 3422K, committed 3584K, reserved 1048576K
}
Event: 235.281 {metaspace Before GC invocations=5 (full 0):
 Metaspace       used 23255K, committed 23552K, reserved 1114112K
  class space    used 3490K, committed 3648K, reserved 1048576K
}
Event: 235.284 {metaspace After GC invocations=6 (full 0):
 Metaspace       used 23255K, committed 23552K, reserved 1114112K
  class space    used 3490K, committed 3648K, reserved 1048576K
}
Event: 261.126 {metaspace Before GC invocations=7 (full 0):
 Metaspace       used 23414K, committed 23744K, reserved 1114112K
  class space    used 3492K, committed 3648K, reserved 1048576K
}
Event: 261.131 {metaspace After GC invocations=8 (full 0):
 Metaspace       used 23414K, committed 23744K, reserved 1114112K
  class space    used 3492K, committed 3648K, reserved 1048576K
}
Event: 340.183 {metaspace Before GC invocations=8 (full 0):
 Metaspace       used 23573K, committed 23872K, reserved 1114112K
  class space    used 3493K, committed 3648K, reserved 1048576K
}
Event: 340.191 {metaspace After GC invocations=9 (full 0):
 Metaspace       used 23573K, committed 23872K, reserved 1114112K
  class space    used 3493K, committed 3648K, reserved 1048576K
}
Event: 358.441 {metaspace Before GC invocations=9 (full 0):
 Metaspace       used 23655K, committed 24000K, reserved 1114112K
  class space    used 3493K, committed 3648K, reserved 1048576K
}
Event: 358.449 {metaspace After GC invocations=10 (full 0):
 Metaspace       used 23655K, committed 24000K, reserved 1114112K
  class space    used 3493K, committed 3648K, reserved 1048576K
}
Event: 365.403 {metaspace Before GC invocations=11 (full 0):
 Metaspace       used 23838K, committed 24192K, reserved 1114112K
  class space    used 3495K, committed 3648K, reserved 1048576K
}
Event: 365.407 {metaspace After GC invocations=12 (full 0):
 Metaspace       used 23838K, committed 24192K, reserved 1114112K
  class space    used 3495K, committed 3648K, reserved 1048576K
}
Event: 386.667 {metaspace Before GC invocations=12 (full 0):
 Metaspace       used 24081K, committed 24448K, reserved 1114112K
  class space    used 3497K, committed 3648K, reserved 1048576K
}
Event: 386.674 {metaspace After GC invocations=13 (full 0):
 Metaspace       used 24081K, committed 24448K, reserved 1114112K
  class space    used 3497K, committed 3648K, reserved 1048576K
}
Event: 388.433 {metaspace Before GC invocations=13 (full 0):
 Metaspace       used 24109K, committed 24448K, reserved 1114112K
  class space    used 3497K, committed 3648K, reserved 1048576K
}
Event: 388.440 {metaspace After GC invocations=14 (full 0):
 Metaspace       used 24109K, committed 24448K, reserved 1114112K
  class space    used 3497K, committed 3648K, reserved 1048576K
}
Event: 398.343 {metaspace Before GC invocations=15 (full 0):
 Metaspace       used 24229K, committed 24512K, reserved 1114112K
  class space    used 3502K, committed 3648K, reserved 1048576K
}
Event: 398.348 {metaspace After GC invocations=16 (full 0):
 Metaspace       used 24229K, committed 24512K, reserved 1114112K
  class space    used 3502K, committed 3648K, reserved 1048576K
}

Dll operation events (20 events):
Event: 0.471 Loaded shared library C:\Users\admin\.openjfx\cache\21+31\amd64\api-ms-win-crt-locale-l1-1-0.dll
Event: 0.475 Loaded shared library C:\Users\admin\.openjfx\cache\21+31\amd64\api-ms-win-crt-math-l1-1-0.dll
Event: 0.479 Loaded shared library C:\Users\admin\.openjfx\cache\21+31\amd64\api-ms-win-crt-multibyte-l1-1-0.dll
Event: 0.484 Loaded shared library C:\Users\admin\.openjfx\cache\21+31\amd64\api-ms-win-crt-private-l1-1-0.dll
Event: 0.489 Loaded shared library C:\Users\admin\.openjfx\cache\21+31\amd64\api-ms-win-crt-process-l1-1-0.dll
Event: 0.493 Loaded shared library C:\Users\admin\.openjfx\cache\21+31\amd64\api-ms-win-crt-runtime-l1-1-0.dll
Event: 0.498 Loaded shared library C:\Users\admin\.openjfx\cache\21+31\amd64\api-ms-win-crt-stdio-l1-1-0.dll
Event: 0.502 Loaded shared library C:\Users\admin\.openjfx\cache\21+31\amd64\api-ms-win-crt-string-l1-1-0.dll
Event: 0.506 Loaded shared library C:\Users\admin\.openjfx\cache\21+31\amd64\api-ms-win-crt-time-l1-1-0.dll
Event: 0.511 Loaded shared library C:\Users\admin\.openjfx\cache\21+31\amd64\api-ms-win-crt-utility-l1-1-0.dll
Event: 0.526 Loaded shared library C:\Users\admin\.openjfx\cache\21+31\amd64\ucrtbase.dll
Event: 0.532 Loaded shared library C:\Users\admin\.openjfx\cache\21+31\amd64\vcruntime140.dll
Event: 0.536 Loaded shared library C:\Users\admin\.openjfx\cache\21+31\amd64\vcruntime140_1.dll
Event: 0.546 Loaded shared library C:\Users\admin\.openjfx\cache\21+31\amd64\msvcp140.dll
Event: 0.550 Loaded shared library C:\Users\admin\.openjfx\cache\21+31\amd64\msvcp140_1.dll
Event: 0.559 Loaded shared library C:\Users\admin\.openjfx\cache\21+31\amd64\msvcp140_2.dll
Event: 0.599 Loaded shared library C:\Users\admin\.openjfx\cache\21+31\amd64\prism_d3d.dll
Event: 0.664 Loaded shared library C:\Users\admin\.openjfx\cache\21+31\amd64\glass.dll
Event: 0.909 Loaded shared library C:\Users\admin\.openjfx\cache\21+31\amd64\javafx_iio.dll
Event: 0.969 Loaded shared library C:\Users\admin\.openjfx\cache\21+31\amd64\javafx_font.dll

Deoptimization events (20 events):
Event: 393.811 Thread 0x0000018071e17a30 Uncommon trap: trap_request=0xffffff45 fr.pc=0x00000180606b62ec relative=0x000000000000076c
Event: 393.811 Thread 0x0000018071e17a30 Uncommon trap: reason=unstable_if action=reinterpret pc=0x00000180606b62ec method=javafx.scene.Node$MiscProperties.isDisable()Z @ 4 c2
Event: 393.811 Thread 0x0000018071e17a30 DEOPT PACKING pc=0x00000180606b62ec sp=0x0000007d85efe340
Event: 393.811 Thread 0x0000018071e17a30 DEOPT UNPACKING pc=0x00000180600f0d02 sp=0x0000007d85efe108 mode 2
Event: 393.818 Thread 0x0000018071e17a30 Uncommon trap: trap_request=0xffffff45 fr.pc=0x00000180606a8a5c relative=0x000000000000075c
Event: 393.818 Thread 0x0000018071e17a30 Uncommon trap: reason=unstable_if action=reinterpret pc=0x00000180606a8a5c method=javafx.scene.Node$MiscProperties.isDisable()Z @ 4 c2
Event: 393.818 Thread 0x0000018071e133e0 Uncommon trap: trap_request=0xffffff45 fr.pc=0x0000018060835178 relative=0x0000000000000f38
Event: 393.818 Thread 0x0000018071e17a30 DEOPT PACKING pc=0x00000180606a8a5c sp=0x0000007d85efe3f0
Event: 393.818 Thread 0x0000018071e133e0 Uncommon trap: reason=unstable_if action=reinterpret pc=0x0000018060835178 method=com.sun.javafx.sg.prism.NGGroup.computeRenderRoot(Lcom/sun/javafx/sg/prism/NodePath;Lcom/sun/javafx/geom/RectBounds;ILcom/sun/javafx/geom/transform/BaseTransform;Lcom/sun/ja
Event: 393.818 Thread 0x0000018071e133e0 DEOPT PACKING pc=0x0000018060835178 sp=0x0000007d85cfead0
Event: 393.818 Thread 0x0000018071e17a30 DEOPT UNPACKING pc=0x00000180600f0d02 sp=0x0000007d85efe248 mode 2
Event: 393.818 Thread 0x0000018071e133e0 DEOPT UNPACKING pc=0x00000180600f0d02 sp=0x0000007d85cfea20 mode 2
Event: 393.858 Thread 0x0000018071e17a30 Uncommon trap: trap_request=0xffffff45 fr.pc=0x00000180606a623c relative=0x000000000000033c
Event: 393.858 Thread 0x0000018071e17a30 Uncommon trap: reason=unstable_if action=reinterpret pc=0x00000180606a623c method=javafx.scene.Node$MiscProperties.isDisable()Z @ 4 c2
Event: 393.858 Thread 0x0000018071e17a30 DEOPT PACKING pc=0x00000180606a623c sp=0x0000007d85efd1f0
Event: 393.858 Thread 0x0000018071e17a30 DEOPT UNPACKING pc=0x00000180600f0d02 sp=0x0000007d85efd0a8 mode 2
Event: 397.384 Thread 0x0000018071e17a30 Uncommon trap: trap_request=0xffffff66 fr.pc=0x0000018060933f30 relative=0x0000000000000db0
Event: 397.384 Thread 0x0000018071e17a30 Uncommon trap: reason=loop_limit_check action=maybe_recompile pc=0x0000018060933f30 method=java.text.DecimalFormat.subformatNumber(Ljava/text/Format$StringBuf;Ljava/text/Format$FieldDelegate;ZZIIII)V @ 825 c2
Event: 397.384 Thread 0x0000018071e17a30 DEOPT PACKING pc=0x0000018060933f30 sp=0x0000007d85efd5b0
Event: 397.384 Thread 0x0000018071e17a30 DEOPT UNPACKING pc=0x00000180600f0d02 sp=0x0000007d85efd4c8 mode 2

Classes loaded (20 events):
Event: 231.965 Loading class java/time/format/Parsed
Event: 231.965 Loading class java/time/format/Parsed done
Event: 231.968 Loading class java/time/OffsetDateTime
Event: 231.968 Loading class java/time/OffsetDateTime done
Event: 232.024 Loading class jdk/internal/util/DateTimeHelper
Event: 232.024 Loading class jdk/internal/util/DateTimeHelper done
Event: 232.035 Loading class java/lang/invoke/InnerClassLambdaMetafactory$SerializationSupport
Event: 232.036 Loading class java/lang/invoke/InnerClassLambdaMetafactory$SerializationSupport done
Event: 232.036 Loading class java/lang/invoke/InnerClassLambdaMetafactory$4
Event: 232.036 Loading class java/lang/invoke/InnerClassLambdaMetafactory$4 done
Event: 232.036 Loading class sun/invoke/util/BytecodeDescriptor
Event: 232.037 Loading class sun/invoke/util/BytecodeDescriptor done
Event: 232.037 Loading class jdk/internal/classfile/impl/AbstractPoolEntry$IntegerEntryImpl
Event: 232.038 Loading class java/lang/classfile/constantpool/IntegerEntry
Event: 232.038 Loading class java/lang/classfile/constantpool/IntegerEntry done
Event: 232.038 Loading class jdk/internal/classfile/impl/AbstractPoolEntry$IntegerEntryImpl done
Event: 232.052 Loading class java/text/MessageFormat
Event: 232.053 Loading class java/text/MessageFormat done
Event: 232.053 Loading class java/text/MessageFormat$Field
Event: 232.053 Loading class java/text/MessageFormat$Field done

Classes unloaded (0 events):
No events

Classes redefined (0 events):
No events

Internal exceptions (20 events):
Event: 231.996 Thread 0x0000018071e17a30 Exception <a 'java/io/FileNotFoundException'{0x000000008dd0f778}> (0x000000008dd0f778) 
thrown [s\open\src\hotspot\share\prims\jni.cpp, line 516]
Event: 232.016 Thread 0x0000018071e17a30 Exception <a 'java/lang/NoSuchMethodError'{0x000000008dd78310}: 'java.lang.Object java.lang.invoke.DirectMethodHandle$Holder.invokeSpecial(java.lang.Object, java.lang.Object, int, java.lang.Object, double)'> (0x000000008dd78310) 
thrown [s\open\src\hotspot\share\interpreter\linkResolver.cpp, line 804]
Event: 232.016 Thread 0x0000018071e17a30 Exception <a 'java/lang/NoSuchMethodError'{0x000000008dd888b0}: 'java.lang.Object java.lang.invoke.DelegatingMethodHandle$Holder.reinvoke_L(java.lang.Object, java.lang.Object, int, java.lang.Object, double)'> (0x000000008dd888b0) 
thrown [s\open\src\hotspot\share\interpreter\linkResolver.cpp, line 804]
Event: 232.030 Thread 0x0000018071e17a30 Implicit null exception at 0x000001806070fb1f to 0x000001806070fe9c
Event: 232.031 Thread 0x0000018071e17a30 Implicit null exception at 0x0000018060815fbf to 0x0000018060816bd8
Event: 232.035 Thread 0x0000018071e17a30 Exception <a 'java/lang/NoSuchMethodError'{0x000000008ddc3538}: 'int java.lang.invoke.DirectMethodHandle$Holder.invokeStatic(java.lang.Object, java.lang.Object, java.lang.Object, java.lang.Object)'> (0x000000008ddc3538) 
thrown [s\open\src\hotspot\share\interpreter\linkResolver.cpp, line 804]
Event: 232.051 Thread 0x0000018071e17a30 Exception <a 'java/lang/NoSuchMethodError'{0x000000008dc9c058}: 'void java.lang.invoke.DirectMethodHandle$Holder.invokeSpecialIFC(java.lang.Object, java.lang.Object, java.lang.Object)'> (0x000000008dc9c058) 
thrown [s\open\src\hotspot\share\interpreter\linkResolver.cpp, line 804]
Event: 232.066 Thread 0x0000018071e17a30 Implicit null exception at 0x00000180606f0672 to 0x00000180606f06d0
Event: 232.067 Thread 0x0000018071e17a30 Implicit null exception at 0x00000180607f58a8 to 0x00000180607f603c
Event: 235.518 Thread 0x0000018071e133e0 Implicit null exception at 0x000001806070d645 to 0x000001806070d68c
Event: 235.518 Thread 0x0000018071e133e0 Implicit null exception at 0x000001806071169a to 0x0000018060711728
Event: 353.160 Thread 0x0000018071e17a30 Implicit null exception at 0x000001806066553f to 0x0000018060665d04
Event: 378.380 Thread 0x0000018071e17a30 Implicit null exception at 0x00000180608f1861 to 0x00000180608f23d8
Event: 378.396 Thread 0x0000018071e17a30 Implicit null exception at 0x00000180608f1861 to 0x00000180608f23d8
Event: 378.424 Thread 0x0000018071e17a30 Implicit null exception at 0x00000180608f1861 to 0x00000180608f23d8
Event: 378.424 Thread 0x0000018071e17a30 Implicit null exception at 0x00000180608f1861 to 0x00000180608f23d8
Event: 386.501 Thread 0x0000018076c01c40 Exception <a 'java/io/IOException'{0x000000009ef0fc58}> (0x000000009ef0fc58) 
thrown [s\open\src\hotspot\share\prims\jni.cpp, line 516]
Event: 388.427 Thread 0x0000018071e17a30 Implicit null exception at 0x000001806091e037 to 0x000001806091eaa4
Event: 393.834 Thread 0x000001807111ac10 Exception <a 'java/lang/NoSuchMethodError'{0x00000000fff992d8}: 'java.lang.Object java.lang.invoke.DirectMethodHandle$Holder.newInvokeSpecial(java.lang.Object, java.lang.Object, java.lang.Object, double)'> (0x00000000fff992d8) 
thrown [s\open\src\hotspot\share\interpreter\linkResolver.cpp, line 804]
Event: 393.834 Thread 0x000001807111ac10 Exception <a 'java/lang/NoSuchMethodError'{0x00000000fffa12a0}: 'java.lang.Object java.lang.invoke.Invokers$Holder.linkToTargetMethod(java.lang.Object, java.lang.Object, double, java.lang.Object)'> (0x00000000fffa12a0) 
thrown [s\open\src\hotspot\share\interpreter\linkResolver.cpp, line 804]

VM Operations (20 events):
Event: 358.477 Executing safepoint VM operation: G1PauseRemark
Event: 358.483 Executing safepoint VM operation: G1PauseRemark done
Event: 358.493 Executing safepoint VM operation: G1PauseCleanup
Event: 358.493 Executing safepoint VM operation: G1PauseCleanup done
Event: 360.646 Executing non-safepoint VM operation: HandshakeAllThreads (HandshakeForDeflation)
Event: 360.646 Executing non-safepoint VM operation: HandshakeAllThreads (HandshakeForDeflation) done
Event: 360.646 Executing non-safepoint VM operation: RendezvousGCThreads
Event: 360.646 Executing non-safepoint VM operation: RendezvousGCThreads done
Event: 365.403 Executing safepoint VM operation: G1CollectForAllocation (G1 Evacuation Pause)
Event: 365.407 Executing safepoint VM operation: G1CollectForAllocation (G1 Evacuation Pause) done
Event: 386.667 Executing safepoint VM operation: G1CollectForAllocation (G1 Evacuation Pause)
Event: 386.674 Executing safepoint VM operation: G1CollectForAllocation (G1 Evacuation Pause) done
Event: 388.433 Executing safepoint VM operation: G1TryInitiateConcMark (G1 Humongous Allocation)
Event: 388.440 Executing safepoint VM operation: G1TryInitiateConcMark (G1 Humongous Allocation) done
Event: 388.475 Executing safepoint VM operation: G1PauseRemark
Event: 388.481 Executing safepoint VM operation: G1PauseRemark done
Event: 388.495 Executing safepoint VM operation: G1PauseCleanup
Event: 388.495 Executing safepoint VM operation: G1PauseCleanup done
Event: 398.343 Executing safepoint VM operation: G1CollectForAllocation (G1 Evacuation Pause)
Event: 398.348 Executing safepoint VM operation: G1CollectForAllocation (G1 Evacuation Pause) done

Memory protections (0 events):
No events

Nmethod flushes (20 events):
Event: 388.479 Thread 0x000001806ceaccf0 flushing  nmethod 0x0000018058eab708
Event: 388.479 Thread 0x000001806ceaccf0 flushing  nmethod 0x0000018058ef0b08
Event: 388.479 Thread 0x000001806ceaccf0 flushing  nmethod 0x0000018058fab508
Event: 388.479 Thread 0x000001806ceaccf0 flushing  nmethod 0x0000018058fb2188
Event: 388.479 Thread 0x000001806ceaccf0 flushing  nmethod 0x0000018059017a08
Event: 388.479 Thread 0x000001806ceaccf0 flushing  nmethod 0x00000180590a3408
Event: 388.479 Thread 0x000001806ceaccf0 flushing  nmethod 0x00000180590a6288
Event: 388.479 Thread 0x000001806ceaccf0 flushing  nmethod 0x00000180590d5288
Event: 388.479 Thread 0x000001806ceaccf0 flushing  nmethod 0x00000180590de488
Event: 388.479 Thread 0x000001806ceaccf0 flushing  nmethod 0x0000018059122488
Event: 388.479 Thread 0x000001806ceaccf0 flushing  nmethod 0x0000018059123988
Event: 388.479 Thread 0x000001806ceaccf0 flushing  nmethod 0x0000018059124208
Event: 388.479 Thread 0x000001806ceaccf0 flushing  nmethod 0x000001805912c408
Event: 388.479 Thread 0x000001806ceaccf0 flushing  nmethod 0x000001805919cd88
Event: 388.479 Thread 0x000001806ceaccf0 flushing  nmethod 0x00000180591d7288
Event: 388.479 Thread 0x000001806ceaccf0 flushing  nmethod 0x0000018059209608
Event: 388.479 Thread 0x000001806ceaccf0 flushing  nmethod 0x0000018059254a08
Event: 388.479 Thread 0x000001806ceaccf0 flushing  nmethod 0x000001805929c488
Event: 388.479 Thread 0x000001806ceaccf0 flushing  nmethod 0x00000180592d7908
Event: 388.479 Thread 0x000001806ceaccf0 flushing  nmethod 0x00000180595d1b08

Events (20 events):
Event: 386.504 Thread 0x0000018071e17a30 Thread added: 0x000001807111b3e0
Event: 386.505 Thread 0x000001807111b3e0 Thread exited: 0x000001807111b3e0
Event: 386.660 Thread 0x0000018071e17a30 Thread added: 0x0000018076c01c40
Event: 386.661 Thread 0x0000018076c01c40 Thread exited: 0x0000018076c01c40
Event: 388.459 Thread 0x0000018071e17a30 Thread added: 0x0000018076c033b0
Event: 388.460 Thread 0x0000018076c033b0 Thread exited: 0x0000018076c033b0
Event: 388.535 Thread 0x0000018071e17a30 Thread added: 0x0000018076c01470
Event: 388.539 Thread 0x0000018076c01470 Thread exited: 0x0000018076c01470
Event: 393.811 Thread 0x0000018071e17a30 Thread added: 0x0000018076c04350
Event: 393.812 Thread 0x0000018076c04350 Thread exited: 0x0000018076c04350
Event: 395.087 Thread 0x0000018071e17a30 Thread added: 0x0000018076c01c40
Event: 395.088 Thread 0x0000018076c01c40 Thread exited: 0x0000018076c01c40
Event: 395.096 Thread 0x0000018071e17a30 Thread added: 0x0000018076c01c40
Event: 395.098 Thread 0x0000018076c01c40 Thread exited: 0x0000018076c01c40
Event: 396.210 Thread 0x0000018071e17a30 Thread added: 0x0000018076c033b0
Event: 396.210 Thread 0x0000018076c033b0 Thread exited: 0x0000018076c033b0
Event: 397.246 Thread 0x0000018071e17a30 Thread added: 0x0000018076c033b0
Event: 397.246 Thread 0x0000018071e17a30 Thread added: 0x0000018076c01470
Event: 397.247 Thread 0x0000018076c033b0 Thread exited: 0x0000018076c033b0
Event: 397.248 Thread 0x0000018076c01470 Thread exited: 0x0000018076c01470


Dynamic libraries:
0x00007ff602f40000 - 0x00007ff602f50000 	C:\Program Files\Java\jdk-25.0.2\bin\java.exe
0x00007ff964f20000 - 0x00007ff965187000 	C:\WINDOWS\SYSTEM32\ntdll.dll
0x00007ff9637f0000 - 0x00007ff9638b9000 	C:\WINDOWS\System32\KERNEL32.DLL
0x00007ff961c10000 - 0x00007ff962007000 	C:\WINDOWS\System32\KERNELBASE.dll
0x00007ff962010000 - 0x00007ff96215b000 	C:\WINDOWS\System32\ucrtbase.dll
0x00007ff932a80000 - 0x00007ff932a9e000 	C:\Program Files\Java\jdk-25.0.2\bin\VCRUNTIME140.dll
0x00007ff9337d0000 - 0x00007ff9337e7000 	C:\Program Files\Java\jdk-25.0.2\bin\jli.dll
0x00007ff963da0000 - 0x00007ff963f66000 	C:\WINDOWS\System32\USER32.dll
0x00007ff948fc0000 - 0x00007ff949252000 	C:\WINDOWS\WinSxS\amd64_microsoft.windows.common-controls_6595b64144ccf1df_6.0.26100.8457_none_3e0b2faee331e92d\COMCTL32.dll
0x00007ff961ab0000 - 0x00007ff961ad7000 	C:\WINDOWS\System32\win32u.dll
0x00007ff964d80000 - 0x00007ff964dab000 	C:\WINDOWS\System32\GDI32.dll
0x00007ff964db0000 - 0x00007ff964e59000 	C:\WINDOWS\System32\msvcrt.dll
0x00007ff961ae0000 - 0x00007ff961c0c000 	C:\WINDOWS\System32\gdi32full.dll
0x00007ff961a00000 - 0x00007ff961aa3000 	C:\WINDOWS\System32\msvcp_win.dll
0x00007ff9637b0000 - 0x00007ff9637e2000 	C:\WINDOWS\System32\IMM32.DLL
0x00007ff9536b0000 - 0x00007ff9536bc000 	C:\Program Files\Java\jdk-25.0.2\bin\vcruntime140_1.dll
0x00007ff9226f0000 - 0x00007ff92277d000 	C:\Program Files\Java\jdk-25.0.2\bin\msvcp140.dll
0x00007ff89dba0000 - 0x00007ff89e9ff000 	C:\Program Files\Java\jdk-25.0.2\bin\server\jvm.dll
0x00007ff964ae0000 - 0x00007ff964b96000 	C:\WINDOWS\System32\ADVAPI32.dll
0x00007ff964ba0000 - 0x00007ff964c47000 	C:\WINDOWS\System32\sechost.dll
0x00007ff9649c0000 - 0x00007ff964ad8000 	C:\WINDOWS\System32\RPCRT4.dll
0x00007ff962ca0000 - 0x00007ff962d20000 	C:\WINDOWS\System32\WS2_32.dll
0x00007ff9617b0000 - 0x00007ff96180e000 	C:\WINDOWS\SYSTEM32\POWRPROF.dll
0x00007ff94eee0000 - 0x00007ff94ef16000 	C:\WINDOWS\SYSTEM32\WINMM.dll
0x00007ff951560000 - 0x00007ff95156b000 	C:\WINDOWS\SYSTEM32\VERSION.dll
0x00007ff961790000 - 0x00007ff9617a4000 	C:\WINDOWS\SYSTEM32\UMPDC.dll
0x00007ff9606e0000 - 0x00007ff9606fb000 	C:\WINDOWS\SYSTEM32\kernel.appcore.dll
0x00007ff932a70000 - 0x00007ff932a7a000 	C:\Program Files\Java\jdk-25.0.2\bin\jimage.dll
0x00007ff95f060000 - 0x00007ff95f2a2000 	C:\WINDOWS\SYSTEM32\DBGHELP.DLL
0x00007ff9639c0000 - 0x00007ff963d43000 	C:\WINDOWS\System32\combase.dll
0x00007ff963f70000 - 0x00007ff964049000 	C:\WINDOWS\System32\OLEAUT32.dll
0x00007ff94c830000 - 0x00007ff94c86b000 	C:\WINDOWS\SYSTEM32\dbgcore.DLL
0x00007ff961950000 - 0x00007ff9619f8000 	C:\WINDOWS\System32\bcryptPrimitives.dll
0x00007ff931000000 - 0x00007ff93101f000 	C:\Program Files\Java\jdk-25.0.2\bin\java.dll
0x00007ff963610000 - 0x00007ff9637a7000 	C:\WINDOWS\System32\ole32.dll
0x00007ff964060000 - 0x00007ff9647ce000 	C:\WINDOWS\System32\SHELL32.dll
0x00007ff962160000 - 0x00007ff9629cc000 	C:\WINDOWS\System32\windows.storage.dll
0x00007ff962d60000 - 0x00007ff962e56000 	C:\WINDOWS\System32\SHCORE.dll
0x00007ff962e70000 - 0x00007ff962ed6000 	C:\WINDOWS\System32\shlwapi.dll
0x00007ff961870000 - 0x00007ff961899000 	C:\WINDOWS\SYSTEM32\profapi.dll
0x00007ff930fe0000 - 0x00007ff930ff2000 	C:\Program Files\Java\jdk-25.0.2\bin\net.dll
0x00007ff960c50000 - 0x00007ff960cbc000 	C:\WINDOWS\system32\mswsock.dll
0x00007ff92a540000 - 0x00007ff92a556000 	C:\Program Files\Java\jdk-25.0.2\bin\nio.dll
0x00007ff92a520000 - 0x00007ff92a537000 	C:\Program Files\Java\jdk-25.0.2\bin\zip.dll
0x00007ff9601c0000 - 0x00007ff9602f2000 	C:\WINDOWS\SYSTEM32\DNSAPI.dll
0x00007ff960180000 - 0x00007ff9601b2000 	C:\WINDOWS\SYSTEM32\IPHLPAPI.DLL
0x00007ff964cc0000 - 0x00007ff964cca000 	C:\WINDOWS\System32\NSI.dll
0x00007ff9540f0000 - 0x00007ff9540fb000 	C:\Windows\System32\rasadhlp.dll
0x00007ff95ca20000 - 0x00007ff95caa6000 	C:\WINDOWS\System32\fwpuclnt.dll
0x00007ff931820000 - 0x00007ff931829000 	C:\Program Files\Java\jdk-25.0.2\bin\extnet.dll
0x000001804e0b0000 - 0x000001804e0b3000 	C:\Users\admin\.openjfx\cache\21+31\amd64\api-ms-win-core-console-l1-1-0.dll
0x000001804e0c0000 - 0x000001804e0c3000 	C:\Users\admin\.openjfx\cache\21+31\amd64\api-ms-win-core-console-l1-2-0.dll
0x000001804e0d0000 - 0x000001804e0d3000 	C:\Users\admin\.openjfx\cache\21+31\amd64\api-ms-win-core-datetime-l1-1-0.dll
0x000001804e0e0000 - 0x000001804e0e3000 	C:\Users\admin\.openjfx\cache\21+31\amd64\api-ms-win-core-debug-l1-1-0.dll
0x0000018050180000 - 0x0000018050183000 	C:\Users\admin\.openjfx\cache\21+31\amd64\api-ms-win-core-errorhandling-l1-1-0.dll
0x0000018050190000 - 0x0000018050194000 	C:\Users\admin\.openjfx\cache\21+31\amd64\api-ms-win-core-file-l1-1-0.dll
0x00000180501a0000 - 0x00000180501a3000 	C:\Users\admin\.openjfx\cache\21+31\amd64\api-ms-win-core-file-l1-2-0.dll
0x00000180501b0000 - 0x00000180501b3000 	C:\Users\admin\.openjfx\cache\21+31\amd64\api-ms-win-core-file-l2-1-0.dll
0x000001806cf60000 - 0x000001806cf63000 	C:\Users\admin\.openjfx\cache\21+31\amd64\api-ms-win-core-handle-l1-1-0.dll
0x000001806cf70000 - 0x000001806cf73000 	C:\Users\admin\.openjfx\cache\21+31\amd64\api-ms-win-core-heap-l1-1-0.dll
0x000001806cf80000 - 0x000001806cf83000 	C:\Users\admin\.openjfx\cache\21+31\amd64\api-ms-win-core-interlocked-l1-1-0.dll
0x000001806cf90000 - 0x000001806cf93000 	C:\Users\admin\.openjfx\cache\21+31\amd64\api-ms-win-core-libraryloader-l1-1-0.dll
0x000001806cfa0000 - 0x000001806cfa3000 	C:\Users\admin\.openjfx\cache\21+31\amd64\api-ms-win-core-localization-l1-2-0.dll
0x000001806cfb0000 - 0x000001806cfb3000 	C:\Users\admin\.openjfx\cache\21+31\amd64\api-ms-win-core-memory-l1-1-0.dll
0x000001806cfc0000 - 0x000001806cfc3000 	C:\Users\admin\.openjfx\cache\21+31\amd64\api-ms-win-core-namedpipe-l1-1-0.dll
0x000001806cfd0000 - 0x000001806cfd3000 	C:\Users\admin\.openjfx\cache\21+31\amd64\api-ms-win-core-processenvironment-l1-1-0.dll
0x000001806cfe0000 - 0x000001806cfe3000 	C:\Users\admin\.openjfx\cache\21+31\amd64\api-ms-win-core-processthreads-l1-1-0.dll
0x000001806cff0000 - 0x000001806cff3000 	C:\Users\admin\.openjfx\cache\21+31\amd64\api-ms-win-core-processthreads-l1-1-1.dll
0x00000180720a0000 - 0x00000180720a3000 	C:\Users\admin\.openjfx\cache\21+31\amd64\api-ms-win-core-profile-l1-1-0.dll
0x00000180720b0000 - 0x00000180720b3000 	C:\Users\admin\.openjfx\cache\21+31\amd64\api-ms-win-core-rtlsupport-l1-1-0.dll
0x00000180720c0000 - 0x00000180720c3000 	C:\Users\admin\.openjfx\cache\21+31\amd64\api-ms-win-core-string-l1-1-0.dll
0x00000180720d0000 - 0x00000180720d3000 	C:\Users\admin\.openjfx\cache\21+31\amd64\api-ms-win-core-synch-l1-1-0.dll
0x00000180720e0000 - 0x00000180720e3000 	C:\Users\admin\.openjfx\cache\21+31\amd64\api-ms-win-core-synch-l1-2-0.dll
0x00000180720f0000 - 0x00000180720f3000 	C:\Users\admin\.openjfx\cache\21+31\amd64\api-ms-win-core-sysinfo-l1-1-0.dll
0x0000018072100000 - 0x0000018072103000 	C:\Users\admin\.openjfx\cache\21+31\amd64\api-ms-win-core-timezone-l1-1-0.dll
0x0000018072110000 - 0x0000018072113000 	C:\Users\admin\.openjfx\cache\21+31\amd64\api-ms-win-core-util-l1-1-0.dll
0x0000018072120000 - 0x0000018072123000 	C:\Users\admin\.openjfx\cache\21+31\amd64\api-ms-win-crt-conio-l1-1-0.dll
0x0000018072130000 - 0x0000018072134000 	C:\Users\admin\.openjfx\cache\21+31\amd64\api-ms-win-crt-convert-l1-1-0.dll
0x0000018072140000 - 0x0000018072143000 	C:\Users\admin\.openjfx\cache\21+31\amd64\api-ms-win-crt-environment-l1-1-0.dll
0x0000018072150000 - 0x0000018072153000 	C:\Users\admin\.openjfx\cache\21+31\amd64\api-ms-win-crt-filesystem-l1-1-0.dll
0x0000018072160000 - 0x0000018072163000 	C:\Users\admin\.openjfx\cache\21+31\amd64\api-ms-win-crt-heap-l1-1-0.dll
0x0000018072170000 - 0x0000018072173000 	C:\Users\admin\.openjfx\cache\21+31\amd64\api-ms-win-crt-locale-l1-1-0.dll
0x0000018072180000 - 0x0000018072185000 	C:\Users\admin\.openjfx\cache\21+31\amd64\api-ms-win-crt-math-l1-1-0.dll
0x0000018072190000 - 0x0000018072195000 	C:\Users\admin\.openjfx\cache\21+31\amd64\api-ms-win-crt-multibyte-l1-1-0.dll
0x00000180721a0000 - 0x00000180721b0000 	C:\Users\admin\.openjfx\cache\21+31\amd64\api-ms-win-crt-private-l1-1-0.dll
0x00000180721b0000 - 0x00000180721b3000 	C:\Users\admin\.openjfx\cache\21+31\amd64\api-ms-win-crt-process-l1-1-0.dll
0x00000180721c0000 - 0x00000180721c4000 	C:\Users\admin\.openjfx\cache\21+31\amd64\api-ms-win-crt-runtime-l1-1-0.dll
0x00000180721d0000 - 0x00000180721d4000 	C:\Users\admin\.openjfx\cache\21+31\amd64\api-ms-win-crt-stdio-l1-1-0.dll
0x00000180721e0000 - 0x00000180721e4000 	C:\Users\admin\.openjfx\cache\21+31\amd64\api-ms-win-crt-string-l1-1-0.dll
0x00000180721f0000 - 0x00000180721f3000 	C:\Users\admin\.openjfx\cache\21+31\amd64\api-ms-win-crt-time-l1-1-0.dll
0x0000018072200000 - 0x0000018072203000 	C:\Users\admin\.openjfx\cache\21+31\amd64\api-ms-win-crt-utility-l1-1-0.dll
0x00007ff922480000 - 0x00007ff92257c000 	C:\Users\admin\.openjfx\cache\21+31\amd64\ucrtbase.dll
0x00007ff931790000 - 0x00007ff9317ab000 	C:\Users\admin\.openjfx\cache\21+31\amd64\vcruntime140.dll
0x00007ff9337f0000 - 0x00007ff9337fc000 	C:\Users\admin\.openjfx\cache\21+31\amd64\vcruntime140_1.dll
0x00007ff923190000 - 0x00007ff92321e000 	C:\Users\admin\.openjfx\cache\21+31\amd64\msvcp140.dll
0x00007ff932a60000 - 0x00007ff932a69000 	C:\Users\admin\.openjfx\cache\21+31\amd64\msvcp140_1.dll
0x00007ff931760000 - 0x00007ff93178f000 	C:\Users\admin\.openjfx\cache\21+31\amd64\msvcp140_2.dll
0x00007ff92a0e0000 - 0x00007ff92a10f000 	C:\Users\admin\.openjfx\cache\21+31\amd64\prism_d3d.dll
0x00007ff8bdc80000 - 0x00007ff8bde33000 	C:\WINDOWS\system32\d3d9.dll
0x00007ff95f650000 - 0x00007ff95f67f000 	C:\WINDOWS\SYSTEM32\dwmapi.dll
0x00007ff95f6a0000 - 0x00007ff95f6e5000 	C:\WINDOWS\SYSTEM32\dxcore.dll
0x00007ff95f2b0000 - 0x00007ff95f35a000 	C:\WINDOWS\system32\uxtheme.dll
0x00007ff8b74a0000 - 0x00007ff8b764c000 	C:\WINDOWS\System32\DriverStore\FileRepository\iigd_dch.inf_amd64_fc32f5e030916127\igdumdim64.dll
0x00007ff8b2c40000 - 0x00007ff8b749b000 	C:\WINDOWS\System32\DriverStore\FileRepository\iigd_dch.inf_amd64_fc32f5e030916127\igd9dxva64.dll
0x00007ff9630c0000 - 0x00007ff963547000 	C:\WINDOWS\System32\SETUPAPI.dll
0x00007ff9614c0000 - 0x00007ff961511000 	C:\WINDOWS\SYSTEM32\cfgmgr32.dll
0x00007ff9587f0000 - 0x00007ff958bfa000 	C:\WINDOWS\System32\DriverStore\FileRepository\iigd_dch.inf_amd64_fc32f5e030916127\igdgmm64.dll
0x00007ff95c410000 - 0x00007ff95c471000 	C:\WINDOWS\SYSTEM32\directxdatabasehelper.dll
0x00007ff922eb0000 - 0x00007ff922ef2000 	C:\Users\admin\.openjfx\cache\21+31\amd64\glass.dll
0x00007ff9638c0000 - 0x00007ff9639b0000 	C:\WINDOWS\System32\COMDLG32.dll
0x00007ff964860000 - 0x00007ff9649bc000 	C:\WINDOWS\System32\MSCTF.dll
0x00007ff92b220000 - 0x00007ff92b247000 	C:\WINDOWS\System32\DriverStore\FileRepository\iigd_dch.inf_amd64_fc32f5e030916127\igdinfo64.dll
0x00007ff954100000 - 0x00007ff958770000 	C:\WINDOWS\System32\DriverStore\FileRepository\iigd_dch.inf_amd64_fc32f5e030916127\igc64.dll
0x00007ff929cf0000 - 0x00007ff929d1d000 	C:\Users\admin\.openjfx\cache\21+31\amd64\javafx_iio.dll
0x00007ff92a0a0000 - 0x00007ff92a0b4000 	C:\Users\admin\.openjfx\cache\21+31\amd64\javafx_font.dll
0x00007ff95d750000 - 0x00007ff95d9b7000 	C:\WINDOWS\SYSTEM32\dwrite.dll
0x00007ff963550000 - 0x00007ff9635fe000 	C:\WINDOWS\System32\clbcatq.dll
0x00007ff95d520000 - 0x00007ff95d74d000 	C:\WINDOWS\SYSTEM32\WindowsCodecs.dll
0x00007ff92a450000 - 0x00007ff92a4aa000 	C:\WINDOWS\system32\dataexchange.dll
0x00007ff952be0000 - 0x00007ff952e2e000 	C:\WINDOWS\system32\twinapi.appcore.dll
0x00007ff929c20000 - 0x00007ff929c4c000 	C:\Program Files\Common Files\Microsoft Shared\Ink\rtscom.dll
0x00007ff9305e0000 - 0x00007ff930726000 	C:\WINDOWS\SYSTEM32\textinputframework.dll
0x00007ff95ea30000 - 0x00007ff95eb57000 	C:\WINDOWS\SYSTEM32\CoreMessaging.dll
0x00007ff95b650000 - 0x00007ff95b932000 	C:\WINDOWS\SYSTEM32\CoreUIComponents.dll
0x00007ff95b380000 - 0x00007ff95b4ea000 	C:\WINDOWS\SYSTEM32\wintypes.dll
0x00007ff960f50000 - 0x00007ff960f5c000 	C:\WINDOWS\SYSTEM32\CRYPTBASE.DLL
0x00007ff95d9c0000 - 0x00007ff95dffa000 	C:\WINDOWS\SYSTEM32\d2d1.dll
0x00007ff95e000000 - 0x00007ff95e262000 	C:\WINDOWS\SYSTEM32\d3d11.dll

JVMTI agents: none

dbghelp: loaded successfully - version: 4.0.5 - missing functions: none
symbol engine: initialized successfully - sym options: 0x614 - pdb path: .;C:\Program Files\Java\jdk-25.0.2\bin;C:\WINDOWS\SYSTEM32;C:\WINDOWS\WinSxS\amd64_microsoft.windows.common-controls_6595b64144ccf1df_6.0.26100.8457_none_3e0b2faee331e92d;C:\Program Files\Java\jdk-25.0.2\bin\server;C:\Users\admin\.openjfx\cache\21+31\amd64;C:\WINDOWS\System32\DriverStore\FileRepository\iigd_dch.inf_amd64_fc32f5e030916127;C:\Program Files\Common Files\Microsoft Shared\Ink

VM Arguments:
java_command: client/target/client-1.0-SNAPSHOT-jar-with-dependencies.jar
java_class_path (initial): client/target/client-1.0-SNAPSHOT-jar-with-dependencies.jar
Launcher Type: SUN_STANDARD

[Global flags]
     intx CICompilerCount                          = 4                                         {product} {ergonomic}
     uint ConcGCThreads                            = 2                                         {product} {ergonomic}
     uint G1ConcRefinementThreads                  = 8                                         {product} {ergonomic}
   size_t G1HeapRegionSize                         = 1048576                                   {product} {ergonomic}
   size_t InitialHeapSize                          = 132120576                                 {product} {ergonomic}
   size_t MarkStackSize                            = 4194304                                   {product} {ergonomic}
   size_t MarkStackSizeMax                         = 536870912                                 {product} {ergonomic}
   size_t MaxHeapSize                              = 2095054848                                {product} {ergonomic}
   size_t MaxNewSize                               = 1256194048                                {product} {ergonomic}
   size_t MinHeapDeltaBytes                        = 1048576                                   {product} {ergonomic}
   size_t MinHeapSize                              = 8388608                                   {product} {ergonomic}
    uintx NonNMethodCodeHeapSize                   = 5832704                                {pd product} {ergonomic}
    uintx NonProfiledCodeHeapSize                  = 122945536                              {pd product} {ergonomic}
    uintx ProfiledCodeHeapSize                     = 122880000                              {pd product} {ergonomic}
    uintx ReservedCodeCacheSize                    = 251658240                              {pd product} {ergonomic}
     bool SegmentedCodeCache                       = true                                      {product} {ergonomic}
   size_t SoftMaxHeapSize                          = 2095054848                             {manageable} {ergonomic}
     bool UseCompressedOops                        = true                           {product lp64_product} {ergonomic}
     bool UseG1GC                                  = true                                      {product} {ergonomic}
     bool UseLargePagesIndividualAllocation        = false                                  {pd product} {ergonomic}

Logging:
Log output configuration:
 #0: stdout all=warning uptime,level,tags foldmultilines=false
 #1: stderr all=off uptime,level,tags foldmultilines=false

Release file:
IMPLEMENTOR="Oracle Corporation" 
JAVA_RUNTIME_VERSION="25.0.2+10-LTS-69" 
JAVA_VERSION="25.0.2" 
JAVA_VERSION_DATE="2026-01-20" 
LIBC="default" 
MODULES="java.base java.compiler java.datatransfer java.xml java.prefs java.desktop java.instrument java.logging java.management java.security.sasl java.naming java.rmi java.management.rmi java.net.http java.scripting java.security.jgss java.transaction.xa java.sql java.sql.rowset java.xml.crypto java.se java.smartcardio jdk.accessibility jdk.internal.jvmstat jdk.attach jdk.charsets jdk.internal.opt jdk.zipfs jdk.compiler jdk.crypto.cryptoki jdk.crypto.ec jdk.crypto.mscapi jdk.dynalink jdk.internal.ed jdk.editpad jdk.internal.vm.ci jdk.graal.compiler jdk.graal.compiler.management jdk.hotspot.agent jdk.httpserver jdk.incubator.vector jdk.internal.le jdk.internal.md jdk.jartool jdk.javadoc jdk.jcmd jdk.management jdk.management.agent jdk.jconsole jdk.jdeps jdk.jdwp.agent jdk.jdi jdk.jfr jdk.jlink jdk.jpackage jdk.jshell jdk.jsobject jdk.jstatd jdk.localedata jdk.management.jfr jdk.naming.dns jdk.naming.rmi jdk.net jdk.nio.mapmode jdk.sctp jdk.security.auth jdk.security.jgss jdk.unsupported jdk.unsupported.desktop jdk.xml.dom" 
OS_ARCH="x86_64" 
OS_NAME="Windows" 
SOURCE=".:git:b75efb40c93a open:git:405a5699ebd0" 

Environment Variables:
PATH=C:\Program Files\Common Files\Oracle\Java\javapath;C:\WINDOWS\system32;C:\WINDOWS;C:\WINDOWS\System32\Wbem;C:\WINDOWS\System32\WindowsPowerShell\v1.0\;C:\WINDOWS\System32\OpenSSH\;C:\Program Files\dotnet\;C:\Program Files\Git\cmd;C:\Program Files\Cloudflare\Cloudflare WARP\;C:\Users\admin\AppData\Local\Programs\Python\Python313\Scripts\;C:\Users\admin\AppData\Local\Programs\Python\Python313\;C:\Users\admin\AppData\Local\Programs\Python\Launcher\;C:\Users\admin\AppData\Local\Microsoft\WindowsApps;D:\Microsoft VS Code\bin;C:\Users\admin\AppData\Local\GitHubDesktop\bin
USERNAME=admin
OS=Windows_NT
PROCESSOR_IDENTIFIER=Intel64 Family 6 Model 140 Stepping 1, GenuineIntel
TMP=C:\Users\admin\AppData\Local\Temp
TEMP=C:\Users\admin\AppData\Local\Temp




Compilation memory statistics disabled.

Periodic native trim disabled

---------------  S Y S T E M  ---------------

OS:
 Windows 11 , 64 bit Build 26100 (10.0.26100.8328)
OS uptime: 1 days 2:40 hours
Hyper-V role detected

CPU: total 8 (initial active 8) (4 cores per cpu, 2 threads per core) family 6 model 140 stepping 1 microcode 0x8a, cx8, cmov, fxsr, ht, mmx, 3dnowpref, sse, sse2, sse3, ssse3, sse4.1, sse4.2, popcnt, lzcnt, tsc, tscinvbit, avx, avx2, aes, erms, clmul, bmi1, bmi2, adx, avx512f, avx512dq, avx512cd, avx512bw, avx512vl, sha, fma, vzeroupper, avx512_vpopcntdq, avx512_vpclmulqdq, avx512_vaes, avx512_vnni, clflush, clflushopt, clwb, avx512_vbmi2, avx512_vbmi, hv, rdtscp, rdpid, fsrm, gfni, avx512_bitalg, f16c, cet_ibt, cet_ss, avx512_ifma
Processor Information for processor 0
  Max Mhz: 2419, Current Mhz: 2419, Mhz Limit: 2419
Processor Information for processor 1
  Max Mhz: 2419, Current Mhz: 1209, Mhz Limit: 2419
Processor Information for processor 2
  Max Mhz: 2419, Current Mhz: 1209, Mhz Limit: 2419
Processor Information for processor 3
  Max Mhz: 2419, Current Mhz: 1209, Mhz Limit: 2419
Processor Information for processor 4
  Max Mhz: 2419, Current Mhz: 2419, Mhz Limit: 2419
Processor Information for processor 5
  Max Mhz: 2419, Current Mhz: 2419, Mhz Limit: 2419
Processor Information for processor 6
  Max Mhz: 2419, Current Mhz: 1209, Mhz Limit: 2419
Processor Information for processor 7
  Max Mhz: 2419, Current Mhz: 1209, Mhz Limit: 2419

Memory: 4k page, system-wide physical 7987M (747M free)
TotalPageFile size 16289M (AvailPageFile size 0M)
current process WorkingSet (physical memory assigned to process): 760M, peak: 763M
current process commit charge ("private bytes"): 1248M, peak: 1260M

vm_info: Java HotSpot(TM) 64-Bit Server VM (25.0.2+10-LTS-69) for windows-amd64 JRE (25.0.2+10-LTS-69), built on 2025-12-18T11:36:35Z with MS VC++ 17.13 (VS2022)

END.
